id,y
5380,9.231581089204388
5381,13.88970632343996
5382,4.425796410542671
5383,5.064404157169497
5384,13.649756153313419
5385,0.3118768337393192
5386,28.72055393776229
5387,8.434679416828818
5388,5.036349420170418
5389,4.839453325448197
5390,4.109556596995649
5391,0.0
5392,0.0
5393,4.034635936090779
5394,20.78142322271353
5395,16.677348171113913
5396,10.137184831480432
5397,0.8439854801408613
5398,9.370166149467085
5399,17.757621733776638
5400,11.09375226668586
5401,7.457552342031441
5402,7.345109436036478
5403,10.177268394105187
5404,9.749000994530942
5405,7.919714437421342
5406,14.814479406963457
5407,10.601272625825324
5408,2.55068517798784
5409,0.0
5410,0.0
5411,5.622202989572487
5412,3.0878628164803965
5413,8.052385640689007
5414,4.326254958263102
5415,0.0
5416,5.808260388445948
5417,11.835329787919665
5418,9.42618258069413
5419,14.59391288077832
5420,14.336072534432272
5421,2.019101753814428
5422,1.0619366255131624
5423,24.446211171449058
5424,13.943801971141257
5425,14.18659897987897
5426,17.97429154916282
5427,17.386505457352865
5428,5.8480088870496365
5429,9.13556816152711
5430,0.13171236976051937
5431,18.203932272987373
5432,1.156208672349031
5433,11.64248273587097
5434,16.193687200523197
5435,37.980864988590795
5436,0.0
5437,11.603683186282606
5438,21.32508416516817
5439,2.065083327776641
5440,8.799417550835964
5441,8.181533672028001
5442,1.2254669174462745
5443,19.443372246942076
5444,2.778785263385622
5445,16.95972833370977
5446,13.225305054455696
5447,0.0
5448,11.296859751218047
5449,0.0
5450,0.0
5451,1.77990439750584
5452,0.0
5453,6.611560425190973
5454,19.06487826997857
5455,8.355042946486225
5456,24.38161660846237
5457,6.121417096509845
5458,12.300980651051393
5459,8.077923341523357
5460,2.3783542663168067
5461,10.789244658932027
5462,4.758926825975699
5463,2.576022059231316
5464,15.497782141625885
5465,8.156709888533593
5466,9.793293692778782
5467,8.205334481407217
5468,4.464989779374931
5469,0.0
5470,20.276819102927206
5471,2.338168830748036
5472,12.131796736778941
5473,29.57597584176472
5474,5.958386679033463
5475,15.884119966703317
5476,8.767547436213096
5477,35.94930865786661
5478,22.19416882858194
5479,0.0
5480,6.9811659542220506
5481,15.28353602675314
5482,4.836715430664043
5483,0.49546767146646964
5484,11.53292199086262
5485,8.600720749945193
5486,14.402782573593683
5487,2.6067122667102565
5488,3.8171383780204104
5489,4.697216416272113
5490,0.0
5491,7.361592829080546
5492,3.542398757641034
5493,6.243313110004782
5494,17.827226154252983
5495,4.4182365266319845
5496,5.039198634921117
5497,11.770303501963042
5498,3.404520826296584
5499,13.787312659980026
5500,14.183527747720909
5501,0.0
5502,11.112780309805729
5503,0.0
5504,1.5775981779705406
5505,0.0
5506,0.0
5507,3.154414393974478
5508,11.832726126827994
5509,5.182006115917783
5510,29.80784427659493
5511,7.868207605650345
5512,13.868872404614546
5513,3.67791711139403
5514,0.0
5515,21.021755897883388
5516,14.778180456246954
5517,6.775914637543234
5518,5.654186072164087
5519,15.70205349325716
5520,4.996929793308284
5521,24.13794147234806
5522,0.3136445660172935
5523,2.4705783750161423
5524,8.800607093104057
5525,15.737269036569336
5526,17.612277319516096
5527,0.0
5528,9.51310123132998
5529,13.40225091375622
5530,6.013128244088485
5531,24.858166337875517
5532,6.2238635737608945
5533,8.520037717987373
5534,6.5855686462027005
5535,15.19230069533193
5536,11.241054064366361
5537,4.28432961613221
5538,4.311869754779436
5539,5.133541074414936
5540,3.531478223676979
5541,26.148544769840193
5542,0.0
5543,10.017583263217787
5544,21.651538151547946
5545,0.0
5546,10.762070252974695
5547,35.80601578617546
5548,8.648918544976672
5549,18.239258058046726
5550,6.28009126191834
5551,15.363389607949124
5552,6.117357527501719
5553,1.0473654836152484
5554,11.265410398466265
5555,6.481804187084666
5556,14.867916567856765
5557,0.0
5558,12.34044238885801
5559,12.365498894099328
5560,6.897565631679293
5561,2.512756236778155
5562,15.024403602590617
5563,4.517106141206201
5564,10.724426427694262
5565,17.137158383657095
5566,21.456266586794328
5567,16.891794858946305
5568,1.4013783337953472
5569,0.0
5570,0.0
5571,16.90853651943329
5572,0.0
5573,4.103516787154188
5574,19.169058352386585
5575,10.000796132071407
5576,11.59020047588422
5577,3.719267039821328
5578,3.7376177737764715
5579,0.0
5580,9.208070591045315
5581,4.370702469425365
5582,16.55928781371984
5583,26.987056092185234
5584,1.9013906195123198
5585,4.668311217061949
5586,5.477590544641762
5587,16.607472799848274
5588,13.646164199651889
5589,14.24128773500905
5590,13.779695329698713
5591,6.097055937934232
5592,11.666762114731036
5593,11.141248879193677
5594,4.733443782809319
5595,6.991573226742757
5596,0.0
5597,6.450242316650799
5598,19.541179730191278
5599,6.71914856643413
5600,7.83553595487286
5601,18.304627842168195
5602,4.36805700352573
5603,9.305751446193602
5604,9.908684778864917
5605,4.045173001380738
5606,2.9915818819180595
5607,20.537827452428665
5608,16.04266012575112
5609,0.0
5610,8.984438588650486
5611,12.617413055381338
5612,0.2506864397091384
5613,1.030908407307166
5614,24.811706323627785
5615,4.158961867016213
5616,5.733100279826482
5617,17.548982261293492
5618,8.916449697733619
5619,5.008683971924556
5620,13.376430296798802
5621,7.0058139356296865
5622,4.169615344652562
5623,3.7849146275048335
5624,16.331592287044487
5625,6.802573558472066
5626,8.989990779890954
5627,6.545564274883185
5628,5.176329210672295
5629,6.602364055595269
5630,3.4010179079752882
5631,11.091716782123878
5632,8.085837042751557
5633,0.14760886212416935
5634,2.498977358313155
5635,4.722077772838972
5636,0.4332770891258235
5637,6.431537186609482
5638,13.61796798496871
5639,14.61465237837089
5640,21.227988037381685
5641,2.2534976430479015
5642,8.227306587591126
5643,9.528611484531883
5644,4.9661255888576985
5645,8.377715771362798
5646,17.612217989400023
5647,16.763841253122774
5648,17.302506736816987
5649,4.241270926435661
5650,2.582838671096998
5651,34.716323708424895
5652,13.506574031828878
5653,5.218140065064382
5654,3.3077520774412283
5655,0.0
5656,3.9546330848678695
5657,9.222217539629193
5658,5.986237744805681
5659,0.0
5660,3.328287833319476
5661,2.931062481112007
5662,8.620956879034068
5663,10.555461243750683
5664,7.137172030821338
5665,0.0
5666,0.0
5667,12.178205803339775
5668,4.930257618721856
5669,5.481530809987527
5670,7.247115433780374
5671,1.8616744013049633
5672,0.23288866846808176
5673,0.5752283342970319
5674,19.820586177102896
5675,14.91346370626172
5676,16.67514406394216
5677,17.10761691705332
5678,3.4417566884444915
5679,36.99689046831763
5680,17.287727196029415
5681,10.012180054647635
5682,14.396543732866586
5683,0.0
5684,14.299810187042116
5685,12.228813724861599
5686,27.538151271355947
5687,1.957733458932327
5688,14.694230513224138
5689,22.127776147783838
5690,0.0
5691,6.659873441250654
5692,11.726799590700969
5693,0.0
5694,2.285563501835206
5695,9.877264566282953
5696,1.0091474046987559
5697,10.847698408541213
5698,14.659632845101505
5699,6.800389702400809
5700,14.74955340727188
5701,14.594065587761715
5702,0.0
5703,8.313306080212078
5704,0.0
5705,30.39200784572645
5706,14.620670973563463
5707,0.0
5708,10.977561328441576
5709,9.682243951928301
5710,5.958411328526603
5711,12.398937455088765
5712,4.866537575016672
5713,15.41953984751128
5714,7.375840708995499
5715,0.0
5716,11.443222366980953
5717,5.909127249371853
5718,15.03700726592339
5719,12.293631183385992
5720,18.690641900528277
5721,8.13063790184196
5722,17.943927347372124
5723,0.13051228893462685
5724,2.4446932235673895
5725,6.069334627405706
5726,9.355533902853052
5727,17.589691016597133
5728,13.958573726965327
5729,10.816602434493895
5730,0.0
5731,13.559577404233679
5732,5.403456698611153
5733,3.784911685655424
5734,0.0
5735,10.533080509795376
5736,10.75160423571549
5737,5.531108565702814
5738,8.856418851151643
5739,26.016441572886077
5740,7.842011222833283
5741,14.9751297581506
5742,5.489007688017136
5743,15.029419223767801
5744,3.3956112285268105
5745,10.098172672144951
5746,3.3976416517430037
5747,8.307583439023738
5748,5.346880219185178
5749,3.8891031148284814
5750,5.556161371662945
5751,8.101655911833285
5752,0.0
5753,0.5556356972466663
5754,8.521559107458097
5755,0.5591961956874396
5756,24.868739207690847
5757,0.0
5758,4.877045290621497
5759,0.0
5760,2.387414922392507
5761,0.0
5762,25.415973866177254
5763,7.145960247635488
5764,4.349911453468656
5765,2.1587118600709214
5766,4.96154602402181
5767,0.9771079528481419
5768,0.8691039162183705
5769,2.8422799553325833
5770,8.153923400977027
5771,3.930448975557894
5772,6.86240284797876
5773,14.444240800378807
5774,12.310489634606245
5775,17.864562661064213
5776,17.51206929202193
5777,1.8184004677736434
5778,3.063268779254451
5779,2.65767191478783
5780,8.01403213512529
5781,0.0
5782,2.433054860276445
5783,11.588512194815392
5784,6.345136181374758
5785,14.217495426801744
5786,19.781463730168465
5787,12.022482528677306
5788,13.001824224490425
5789,0.7668664184582328
5790,13.235887271548606
5791,0.0
5792,2.6374176295370946
5793,14.607723460005843
5794,11.864385715077258
5795,10.90832114565411
5796,8.235713034747073
5797,6.610031401003642
5798,15.133857322809856
5799,6.906801792262302
5800,21.03364450923943
5801,1.848704937184885
5802,4.347968887820545
5803,10.378554675752387
5804,8.309908294994184
5805,6.707002622119635
5806,11.04834244767358
5807,15.069187465538672
5808,8.40800940990302
5809,16.86962864529899
5810,12.777112463075731
5811,27.40816928191531
5812,10.565133150016527
5813,8.383964733185316
5814,6.667725954320405
5815,6.034421192343378
5816,12.763835690821967
5817,6.575830562349787
5818,13.130499126021892
5819,2.4252594191747514
5820,15.733770190914663
5821,7.1724978835170665
5822,6.466174425432427
5823,4.797743182310874
5824,36.30812675846148
5825,3.5272511950419148
5826,12.731384980153702
5827,3.5611328488143386
5828,0.0
5829,16.178391246184663
5830,10.559580937170853
5831,5.336796500964414
5832,12.144346796040072
5833,26.349998139338258
5834,7.17598546576168
5835,5.274407933098104
5836,4.3412975004025585
5837,5.285868959446064
5838,9.111694736188447
5839,14.055956384471738
5840,12.985486872362195
5841,6.166871760759019
5842,5.77727637169499
5843,3.0672322718055236
5844,9.230153724448133
5845,9.288944330441113
5846,9.557308557046966
5847,7.825140620282318
5848,6.3065408942041135
5849,17.253569982917064
5850,12.264590865284688
5851,13.327515514955511
5852,5.108028269964733
5853,7.127038819426881
5854,4.276183828747085
5855,7.698483805155811
5856,13.129435204202892
5857,7.017510221047282
5858,0.5550374070967781
5859,12.923401016751328
5860,4.161931814577455
5861,10.2733120036952
5862,11.21545786494762
5863,10.887165473259913
5864,12.114632019472879
5865,1.7568268422280626
5866,14.950080015367512
5867,22.905254997936275
5868,12.598016940223106
5869,1.8871157700585686
5870,5.74094307159569
5871,6.6785956872955845
5872,20.95341107558773
5873,14.695063962259413
5874,10.368973129067099
5875,9.596860223957703
5876,2.9953276053587903
5877,0.0
5878,17.945663512966647
5879,15.47496006939047
5880,13.580183421352473
5881,17.017326922726678
5882,7.12639770321622
5883,10.219716872942028
5884,4.868864348390153
5885,19.94595755473142
5886,5.805752243779514
5887,7.075740462675046
5888,1.767104260980636
5889,20.189676641915526
5890,25.684527949190958
5891,8.739460664333468
5892,4.766166037013917
5893,1.161447999195497
5894,7.787993145541432
5895,21.356883970996687
5896,9.453030859235389
5897,10.508205380791109
5898,12.566193938287562
5899,19.80143058173418
5900,8.735835173557433
5901,5.509059655844579
5902,5.6500540098884455
5903,21.71184943029033
5904,16.738243850521318
5905,0.0
5906,9.292685410624005
5907,2.198309127057094
5908,10.97655255363057
5909,22.305360261173558
5910,2.964102447727151
5911,2.4333344078486867
5912,13.171219563549812
5913,0.0
5914,4.371541867036003
5915,5.279429548301279
5916,0.0
5917,10.135633459192425
5918,11.502429760467468
5919,9.657039084509883
5920,9.877768917206685
5921,5.106727517758747
5922,8.25809917836282
5923,2.152398520567681
5924,1.1599653826398777
5925,0.9502245340988598
5926,14.615563936445474
5927,9.781921082863922
5928,3.6570410283549277
5929,9.549305481590164
5930,11.493342570871588
5931,13.657089054386534
5932,0.0
5933,0.0
5934,30.02286941003206
5935,5.037305017909392
5936,10.85819331452491
5937,4.754201595127379
5938,9.884515597321776
5939,21.659814553061857
5940,25.92708036309158
5941,6.785043588322321
5942,8.403830625212755
5943,8.359760536950285
5944,21.857499609565824
5945,9.232437239002351
5946,13.8225875686886
5947,3.243893786770549
5948,2.8949197741624264
5949,10.137899839607634
5950,14.179915193941884
5951,0.0
5952,10.950987129941964
5953,10.87856875675967
5954,9.799299579560149
5955,0.0
5956,12.513167307914024
5957,5.494964770417675
5958,13.490040312878682
5959,5.959684288090289
5960,9.248995279345221
5961,10.653059052845677
5962,11.529406337011228
5963,14.330441891088194
5964,2.6386116502519474
5965,25.843979267792022
5966,7.9210534516821935
5967,4.532943069181826
5968,3.1719785321211695
5969,14.43414308322333
5970,6.392733206340203
5971,1.018095137950521
5972,10.594781697678014
5973,3.7643325405042622
5974,13.439190657745836
5975,8.750060485572343
5976,21.659646790363773
5977,7.100718704972957
5978,7.059215397127495
5979,12.33280244516252
5980,12.173004159585037
5981,7.999070861069872
5982,6.507026371263814
5983,5.1779513411772475
5984,6.8886290958002885
5985,13.526667584209662
5986,11.072458458871576
5987,0.0
5988,3.252583223366509
5989,5.033907210035206
5990,7.968906089402856
5991,3.372211264390419
5992,11.206171129219445
5993,12.051343627510867
5994,25.329666349302727
5995,2.8298584357686867
5996,7.689217919535541
5997,5.13762081570433
5998,7.027479937356591
5999,10.974464556826629
6000,16.30800311871608
6001,2.8766404652220103
6002,3.9544567497367558
6003,5.760901291718804
6004,5.073125578832634
6005,10.197559843194728
6006,15.75864505902586
6007,4.189444056393588
6008,11.48003534161185
6009,15.95616441879442
6010,11.87311231534996
6011,15.171223547619878
6012,13.009347936540891
6013,11.19746616987327
6014,0.0
6015,5.732777823418827
6016,2.159173921107855
6017,7.015175772797621
6018,12.188766548122528
6019,17.187756392688115
6020,9.666321130306878
6021,16.254698755282497
6022,17.868048303283096
6023,4.867032830088332
6024,6.667608224634527
6025,1.1130780564796847
6026,13.829462778201966
6027,8.046652723685241
6028,8.79488983480745
6029,0.7654721702836174
6030,15.066819062494009
6031,2.35548825008944
6032,11.576929818219641
6033,12.591716283878448
6034,5.462543078925165
6035,35.443397846392905
6036,27.52461111823378
6037,3.981363540001688
6038,13.811046292256872
6039,5.879427439683827
6040,11.620094982350121
6041,2.8798927224184965
6042,10.856339469552324
6043,6.3215626395490885
6044,11.32550584991154
6045,8.383282668759428
6046,18.191150926218455
6047,3.681160030931645
6048,0.2540652302968276
6049,8.851469594894276
6050,5.7763634001672095
6051,5.827421889181199
6052,6.010754325348204
6053,0.21146101977997667
6054,1.844330754829869
6055,4.08946472804074
6056,0.6569705216607025
6057,21.208927020386017
6058,7.53186606231995
6059,5.198030210745244
6060,8.340547635176584
6061,1.1421870121910134
6062,4.9634126015423465
6063,0.160101312861622
6064,3.8435176933720046
6065,13.447244600524895
6066,0.6112142839743075
6067,7.148907183356743
6068,13.19506479145937
6069,3.8690190525876655
6070,0.0
6071,7.032658616886149
6072,2.193141163436729
6073,11.79241915587713
6074,7.756215801858873
6075,9.912831403541189
6076,19.126992870600795
6077,0.08897711382663331
6078,10.824639257536843
6079,13.766134146324209
6080,11.172477997600526
6081,3.419113001663539
6082,0.0
6083,0.8205921656964081
6084,8.479775856922565
6085,11.059978449177507
6086,12.22325093860896
6087,15.881265050179447
6088,4.851186951446592
6089,4.571045477623287
6090,7.814789441183065
6091,13.730916027730608
6092,6.042171175919461
6093,8.73428500628585
6094,9.19380703633261
6095,4.6599073735662095
6096,3.6858290666928877
6097,19.710942769818764
6098,15.198392752816392
6099,17.518825726786154
6100,21.731502613726065
6101,0.8195647242359287
6102,10.890935414452565
6103,4.409678829000337
6104,6.67749689803405
6105,10.364862048110844
6106,8.894667880700641
6107,5.591166876949114
6108,6.417850921154282
6109,14.392234747383313
6110,1.2413436645701967
6111,6.806418859715306
6112,10.358799954048152
6113,5.85927092762922
6114,6.715007133673686
6115,6.80113820461104
6116,5.992148460624572
6117,5.0730325377903736
6118,11.115211911019678
6119,0.0
6120,12.470317832501234
6121,0.5168009361533148
6122,20.101545258123174
6123,7.098728937292504
6124,2.253177433843515
6125,20.106335692920386
6126,9.013335919257374
6127,9.24863482693632
6128,14.580306370044449
6129,12.305698288591042
6130,12.820347547335153
6131,13.139541257271521
6132,0.0
6133,4.956138456839569
6134,14.250319056552865
6135,8.700587174857791
6136,33.151349955837176
6137,0.0
6138,12.455200356749808
6139,14.219396633393917
6140,3.5766544030073035
6141,4.2540334166272284
6142,8.518492060763743
6143,21.86380507745804
6144,8.437397092489194
6145,6.445351691964196
6146,8.371963736934235
6147,9.1273654842182
6148,4.694161614539979
6149,4.1035527497228825
6150,5.267363418738459
6151,14.900705288531901
6152,13.060480964855335
6153,22.09549560386492
6154,11.00098627501458
6155,20.73809287882502
6156,3.4695747445487335
6157,1.496819977861148
6158,8.700293088700171
6159,4.990332248589439
6160,28.0997420518369
6161,27.28739052962635
6162,18.10901751935422
6163,0.0
6164,3.1349690978118696
6165,22.314139775257594
6166,10.031822138253702
6167,19.844811668095563
6168,0.5473084262010772
6169,7.155827054140332
6170,9.629969470415412
6171,7.965367805477692
6172,7.724502849293266
6173,16.7312651800681
6174,20.13033745544269
6175,9.787812648440173
6176,12.175205211143235
6177,12.2180335769858
6178,3.202090581274205
6179,0.9652446462735345
6180,1.3371789736757433
6181,0.41097227587882657
6182,3.305165310191877
6183,3.942931968321928
6184,3.041272902004094
6185,0.5215019324646182
6186,15.702192358497701
6187,9.463627968197025
6188,10.25593813012162
6189,2.7316683824488965
6190,9.704158575863614
6191,1.9751184504314052
6192,0.37884181881622325
6193,10.774898569482664
6194,0.0
6195,0.0
6196,0.48824488429180235
6197,3.2385275361121177
6198,10.295370392941816
6199,0.08447034284807664
6200,14.376893264892635
6201,15.06441459293262
6202,4.8230112848443145
6203,1.8987665083399534
6204,36.20728991571134
6205,8.171779300447495
6206,3.0253142694047526
6207,10.338498331694623
6208,10.20634325678213
6209,5.809357509724088
6210,21.62640061243853
6211,3.9390519172685696
6212,9.668348006836425
6213,8.63286823768383
6214,9.332736389147087
6215,9.316110019260641
6216,20.62547939117765
6217,12.636797084093281
6218,7.427211257362272
6219,12.073100831313216
6220,0.619132608111471
6221,6.247845533398632
6222,4.562798075231091
6223,5.101005075136949
6224,3.369328044646589
6225,14.374894087864181
6226,5.677317456960187
6227,5.366345373256242
6228,20.51178116967371
6229,0.0
6230,13.980616933771522
6231,14.590850650783304
6232,20.08718947029832
6233,7.390658784485478
6234,1.7997348693474295
6235,8.17825559781643
6236,3.7659633608198524
6237,12.268175240253214
6238,4.025506140509785
6239,36.925510991765506
6240,13.521377731939648
6241,6.907849158844015
6242,5.960862670136577
6243,19.131604201423123
6244,6.736703286862869
6245,1.0855904770768596
6246,5.324282302830529
6247,6.892053736551312
6248,21.519859588979802
6249,23.8290215967359
6250,17.243625461196395
6251,9.962592565696108
6252,10.635318655765184
6253,3.5725082976075253
6254,13.863155816427383
6255,12.711033155433283
6256,22.007732587038078
6257,4.547019666657735
6258,21.5492290228905
6259,3.959558879635037
6260,8.229389565822016
6261,14.542318169345528
6262,15.282114583533296
6263,10.134726933692635
6264,2.765607126568846
6265,6.443681649948298
6266,4.8474697511061695
6267,8.832420876694163
6268,0.0
6269,10.047308072840398
6270,9.5461556847485
6271,4.005417374182843
6272,24.43995148850189
6273,4.969550324783981
6274,32.76805795111078
6275,6.325986983622288
6276,0.0
6277,0.0
6278,3.821157549979845
6279,3.1558002187199152
6280,7.508350909467236
6281,14.321537838769174
6282,0.0
6283,10.81232133267156
6284,28.598750933061137
6285,6.271578371352405
6286,2.576168472868839
6287,3.602221566183627
6288,12.7280854613495
6289,5.481439103219424
6290,8.390459654173355
6291,0.0
6292,0.0
6293,11.067172447447803
6294,10.185185155368366
6295,7.564007167995717
6296,3.0852492708223433
6297,3.9977892273553204
6298,9.89667135746203
6299,21.468523081723994
6300,10.447524679046188
6301,8.681597861977757
6302,9.945283399516144
6303,13.996485476157757
6304,5.777707882188999
6305,6.514623021992335
6306,13.987540042387486
6307,5.178764144978866
6308,25.427627607283195
6309,10.035396331374862
6310,14.719022925278189
6311,12.262369961540408
6312,0.590901300605605
6313,6.891319469072739
6314,4.923178643182938
6315,9.54185686584886
6316,21.840192567478745
6317,6.437924316929856
6318,14.483224444858116
6319,2.1509049018724467
6320,20.700084511878476
6321,1.099435292219753
6322,8.784901150800547
6323,8.56571229620363
6324,8.331138579496452
6325,15.525089382573817
6326,33.819691402808445
6327,4.025814001695778
6328,9.609975828028018
6329,7.627869385050096
6330,1.6102452104782987
6331,6.879750499232019
6332,11.953504243278761
6333,5.032514279136272
6334,11.951802030765544
6335,8.73783587095707
6336,0.3096386708570442
6337,14.076231621278017
6338,4.4952640796186
6339,18.310278874396218
6340,3.6556099909152557
6341,0.0
6342,0.0
6343,7.5424393231649995
6344,5.160449404278284
6345,6.509195845108664
6346,15.540658947534634
6347,11.016831274568503
6348,6.579712608801273
6349,9.15826736953634
6350,0.0
6351,9.348327308189857
6352,2.0447026645534754
6353,10.222885441647147
6354,3.820121978795333
6355,15.254942176620496
6356,1.6975855840433285
6357,2.2788678523647947
6358,0.8749436258923717
6359,2.131540488796566
6360,10.033379790331388
6361,4.517303232202924
6362,9.037560015437414
6363,13.091346675716757
6364,8.497141831243274
6365,3.6991038677576293
6366,8.168384172089123
6367,19.05077346988693
6368,6.295377824514752
6369,3.2366505313629332
6370,2.14884713487422
6371,12.711082432772825
6372,0.0
6373,16.18205753397838
6374,7.035877153732535
6375,3.0027455210687926
6376,27.855681236634215
6377,2.54298614586156
6378,0.0
6379,7.422751207360362
6380,9.017213851901348
6381,6.412199300725971
6382,6.421350105323736
6383,13.425473213168999
6384,6.41573999201332
6385,4.049487269562793
6386,7.346292734303273
6387,6.147456336793946
6388,10.589350280187576
6389,7.708186358480857
6390,40.48176741842991
6391,12.811296585745936
6392,0.9527718703474095
6393,5.723766186768618
6394,11.80786849703346
6395,10.05239089069258
6396,14.361998179244758
6397,13.45087643635281
6398,5.855089800607978
6399,15.937505722254928
6400,5.139887759045332
6401,2.2400425740642955
6402,0.4559515078337437
6403,11.919178480408608
6404,0.0
6405,6.894629360690776
6406,1.830347523766668
6407,11.468922071192353
6408,11.780649107700384
6409,22.994623660990477
6410,9.904064383162002
6411,6.611122337790011
6412,14.520034378057927
6413,11.908801020448077
6414,11.248997740938602
6415,1.912994169079342
6416,14.442696583608289
6417,21.196905729332432
6418,5.05504162020548
6419,4.034504872129419
6420,6.408746753619706
6421,13.11627355937243
6422,16.857051951352293
6423,4.710796069806811
6424,4.5354009247440095
6425,10.43269871420146
6426,14.821736321597143
6427,3.7274204793230936
6428,6.5533154469712365
6429,13.638935726723298
6430,5.097411213947721
6431,10.242639357904544
6432,0.05809849173127013
6433,11.402601415721099
6434,3.7209148935592298
6435,21.747880021410445
6436,6.537343320211996
6437,5.854572623490111
6438,19.83724099106587
6439,0.20045680904958552
6440,5.25305172077529
6441,11.181021361487135
6442,8.94087409435843
6443,12.758612026877604
6444,14.411603201372666
6445,11.207071688411471
6446,5.257878568084944
6447,4.637472709978004
6448,8.22407145802214
6449,5.413086646794747
6450,3.8636996050350874
6451,16.314437969812143
6452,0.0
6453,8.161367703949336
6454,7.325033850109979
6455,10.085205625222105
6456,7.57527137098787
6457,2.361543853977424
6458,12.512798347980523
6459,8.60486081953231
6460,0.0
6461,0.0
6462,7.077421717341024
6463,4.07532973313768
6464,10.87451996438135
6465,11.586114625726676
6466,4.852893504703205
6467,7.421631262634119
6468,0.0
6469,18.443768765944533
6470,14.181812857361258
6471,4.421789840648512
6472,5.631869453486898
6473,9.65790614464624
6474,5.709737801822353
6475,1.005412791677112
6476,7.9531930054719
6477,2.366046435663563
6478,2.909328946758139
6479,5.1803529091860785
6480,3.15669118049969
6481,1.3802360106414353
6482,1.9906298827592686
6483,7.110542144091969
6484,0.79962039510374
6485,3.411810180796297
6486,8.480528282145265
6487,0.0
6488,13.817115458646182
6489,18.376145139210983
6490,4.207665256271919
6491,16.43973540388806
6492,11.497228651383637
6493,7.167574889256227
6494,7.98997769536331
6495,2.6531137722201033
6496,15.502751457104303
6497,2.32832994248378
6498,0.18443787365698405
6499,2.881791715047826
6500,6.547825743450667
6501,1.4723462276993722
6502,16.889761204980182
6503,16.790002606364688
6504,3.0384957877195937
6505,5.871681186824958
6506,11.115539641371969
6507,15.603701089297047
6508,18.948776244289547
6509,7.642829276592179
6510,18.89846641000893
6511,4.574262573854578
6512,7.196110800884255
6513,9.808333065695521
6514,8.485655018046298
6515,11.189461025915172
6516,8.438542559336906
6517,8.36642177685186
6518,16.484868447046956
6519,8.535026469070884
6520,28.184037414039096
6521,8.800248808039955
6522,6.7356272137728315
6523,0.3145943459952356
6524,4.880454910225299
6525,4.1596707243993825
6526,3.4433542511403195
6527,18.83391825222383
6528,22.986862269080458
6529,9.421961416400672
6530,2.4081262259792666
6531,15.693890361181921
6532,9.550325066977505
6533,4.169292012439841
6534,13.29734424896879
6535,15.521179169923636
6536,9.798061953698227
6537,5.008920500076804
6538,3.831206847341199
6539,8.451539250259447
6540,0.0
6541,6.675485659428535
6542,3.319525450537558
6543,16.29606825597154
6544,11.926553751139394
6545,6.023995220338538
6546,7.848756591308269
6547,9.97558851726579
6548,5.833184745213807
6549,4.568042708895367
6550,10.696214462396693
6551,15.55320200571253
6552,4.00393409861731
6553,4.627772242346268
6554,9.101801132174046
6555,12.599345970977645
6556,9.766693939164764
6557,16.221570392133664
6558,11.516751747883951
6559,6.9722696443238625
6560,10.718032715433406
6561,7.24221231938411
6562,13.627368145499712
6563,0.0
6564,2.5226138232438755
6565,10.50684128547504
6566,3.083383046998444
6567,4.118825136850904
6568,6.091038247007543
6569,8.317452847920654
6570,1.2623996282109644
6571,3.771110533183287
6572,0.014524769430755313
6573,0.3909238793543821
6574,12.070653024656483
6575,10.486913037351087
6576,3.643247500433371
6577,7.852184135766425
6578,13.93550424591843
6579,15.578460660386874
6580,3.6978119733546047
6581,7.2013389532838845
6582,12.622157293741775
6583,9.525026516067072
6584,3.441898412577963
6585,2.881782277602853
6586,6.627496181250959
6587,5.551525432742035
6588,0.0
6589,28.073919373880482
6590,14.223138703950454
6591,19.975509066351457
6592,0.0
6593,14.004059945268821
6594,15.000811205177605
6595,18.655264069970496
6596,17.137385100802184
6597,16.231265754290074
6598,10.7035561827
6599,12.433352815398624
6600,12.472699945111811
6601,2.015082894746982
6602,18.877570696516745
6603,15.837469631871944
6604,17.805287932764067
6605,7.916681606240135
6606,0.0001778857925547328
6607,2.2707968953518183
6608,15.938068885367805
6609,2.0737546871975274
6610,3.038929244613346
6611,13.036104630700125
6612,12.278209592853749
6613,0.9266120325285838
6614,29.85797135167388
6615,5.867374282164663
6616,4.503954189753952
6617,5.501079997300817
6618,19.104338215431724
6619,6.382882878714204
6620,2.9536175568729703
6621,0.0
6622,9.58949985251228
6623,12.308293593635003
6624,7.83674837602057
6625,15.336210346330201
6626,14.14024128643992
6627,1.9249395269111593
6628,2.506945427272698
6629,2.7360040924517497
6630,0.3830803626777701
6631,6.296770062414942
6632,18.830632037711922
6633,13.575149046752824
6634,26.709135970617123
6635,15.064564441850937
6636,1.6122219739366406
6637,2.660380683472721
6638,8.104675208254951
6639,8.961467966141017
6640,10.958051016758882
6641,5.28619166644329
6642,0.0
6643,2.1785045331762447
6644,14.768924591828679
6645,5.240647712976044
6646,27.92791903689026
6647,9.64417906962913
6648,6.166770002927855
6649,3.2326612267245283
6650,8.003210581456564
6651,20.087003137079822
6652,11.880148883539759
6653,14.050081919331257
6654,0.0
6655,21.686059974539326
6656,11.073918276044555
6657,8.101935690998216
6658,9.63926665203971
6659,8.540972229920554
6660,11.7948405362907
6661,8.957685512209512
6662,12.22593084443014
6663,1.962598548729578
6664,20.502611368844697
6665,0.0
6666,2.0083075805486477
6667,20.650093106838053
6668,18.237016463635033
6669,7.499803945693606
6670,13.454392618009306
6671,9.07057103222856
6672,6.682877615249334
6673,6.047478119942628
6674,1.9748280445268307
6675,4.897575827306475
6676,5.312427620420369
6677,6.890276451405075
6678,4.478742170117485
6679,12.310338845337945
6680,13.988042320943176
6681,16.429275241477022
6682,13.41898810754186
6683,4.203595340750631
6684,10.193027925426245
6685,6.150042621692961
6686,8.170473411397923
6687,10.955108502577362
6688,9.54201275663878
6689,6.805480582871919
6690,0.0
6691,9.479462282185585
6692,16.756984951359602
6693,7.53444995407969
6694,8.763180082923068
6695,0.0
6696,6.491488312459446
6697,7.16657941314851
6698,7.809180235267469
6699,10.288142965986635
6700,6.652644291073935
6701,5.878703191731761
6702,12.20353172590917
6703,12.55390401337182
6704,15.191067923417748
6705,0.0
6706,0.5320188236083574
6707,10.265479086820076
6708,0.14751453127322023
6709,16.978440380653836
6710,4.544416746194678
6711,19.07135979555517
6712,3.727085809031708
6713,0.0
6714,2.493515067155051
6715,1.175489725293942
6716,4.832888528299133
6717,6.017431140843122
6718,10.278476035116787
6719,0.8069644063597003
6720,0.9151214070333271
6721,6.3318795915266675
6722,11.209905618781825
6723,4.530414387462007
6724,4.713743189522997
6725,1.820381605244843
6726,11.116667197557604
6727,2.9203180490274443
6728,1.026963427893488
6729,16.128283412891086
6730,8.248796867910439
6731,3.1238984120229913
6732,19.875521081458572
6733,10.856249444096626
6734,20.982353810485456
6735,0.0
6736,7.942996776589442
6737,4.466366414294288
6738,16.59708101256131
6739,10.435653942168283
6740,9.906344309287089
6741,11.931176822797005
6742,3.4065517905348504
6743,8.092331755100362
6744,5.067994728865557
6745,6.299750353689273
6746,7.0967104979402285
6747,10.057277650917818
6748,0.0
6749,23.650858820706862
6750,10.565349352043654
6751,7.6227764861915634
6752,6.868528062964457
6753,9.237352236733363
6754,10.286544528689792
6755,4.758225160993889
6756,20.143487065168426
6757,2.2499679357980655
6758,11.135051833602338
6759,0.3495801080626997
6760,21.023734567642716
6761,7.753982194763353
6762,6.317353266636303
6763,25.099445367149293
6764,4.130906042093382
6765,14.297749544215463
6766,16.098847321226017
6767,6.745270229391661
6768,7.696033724998062
6769,9.10510072757246
6770,6.301051941069479
6771,14.03557357343844
6772,27.509873280380724
6773,14.28886477948306
6774,18.148514718843117
6775,12.88378977952348
6776,4.953597499189582
6777,3.104894698148553
6778,2.1374980827465677
6779,16.422975197804327
6780,16.766292790346405
6781,24.69750055218626
6782,23.990412184686505
6783,2.8888389236140437
6784,9.68412512971356
6785,9.51136185203099
6786,4.822281147508097
6787,1.586286942170763
6788,8.702292037083957
6789,4.688571329462432
6790,11.952633876465548
6791,14.73517004889322
6792,21.918013810693708
6793,5.186256471118129
6794,13.379558793308334
6795,6.738544677570173
6796,7.614059882218682
6797,4.274146518838232
6798,16.425347038839533
6799,2.8402791534766134
6800,13.47895785871636
6801,15.754013342921404
6802,6.054439330278406
6803,10.531381068914477
6804,5.538612428725495
6805,24.391583667740917
6806,4.153385090993913
6807,12.433188472729746
6808,0.0
6809,6.321639514812015
6810,0.8366270977245192
6811,15.892682145223755
6812,7.305819644978273
6813,0.0
6814,6.302333032993165
6815,16.170544595534288
6816,0.0
6817,0.0
6818,8.721936321402413
6819,18.97770024152811
6820,0.9469644688234506
6821,1.0174396095872025
6822,5.244215116792161
6823,13.50560575632269
6824,14.620126929012361
6825,12.499334739565544
6826,17.20539799382658
6827,5.814815604840899
6828,18.733310028516957
6829,3.4328986052518964
6830,32.68526438005266
6831,4.969389369718126
6832,0.0
6833,7.172942916239405
6834,10.714933572181135
6835,4.832398659316577
6836,5.938200616982291
6837,7.329225313993031
6838,10.281035790053135
6839,21.165933866759296
6840,11.82248139157483
6841,5.527448234743624
6842,7.833506314067682
6843,7.758379139047964
6844,3.412534820118009
6845,15.031841471427406
6846,6.802680537622077
6847,6.217731714625217
6848,5.198332412706467
6849,10.689684656774206
6850,15.76341436426932
6851,6.562790444373284
6852,11.92909965590044
6853,3.371699027334774
6854,1.4428481770311112
6855,28.85111181152273
6856,9.601581355001212
6857,2.808469362292965
6858,2.8005108892678985
6859,7.100143396245128
6860,17.668165446764824
6861,1.9818905546457275
6862,27.251087107205876
6863,8.049498120382868
6864,12.543879550792328
6865,3.870716672063539
6866,4.760589889108884
6867,26.538624979053214
6868,4.2094920601253145
6869,3.927221470091265
6870,6.9319973614984685
6871,7.865495073431859
6872,13.073673817515337
6873,3.903414497514744
6874,12.838079754323154
6875,11.795568222493593
6876,8.604646134751338
6877,2.6948813365601296
6878,5.219134552904976
6879,0.34972480139257733
6880,0.14999660168208706
6881,11.137021500393995
6882,7.8617133728444895
6883,15.462985714135437
6884,15.93631040873326
6885,12.665677783559852
6886,2.3117923738777275
6887,7.738599603080712
6888,32.98379392672676
6889,7.060336801341446
6890,1.650790842157691
6891,2.435001973060772
6892,7.7796906360659674
6893,12.06509174373383
6894,14.270959738673772
6895,3.184982357853128
6896,0.0
6897,5.651819488098145
6898,3.589017470260907
6899,5.018849001640094
6900,22.622733006361564
6901,2.2691242851275426
6902,5.545299528792167
6903,6.218476503250745
6904,20.657632227962583
6905,1.2423386810353572
6906,0.8692026067674998
6907,4.3624074444555205
6908,1.4958131463820123
6909,14.673522979649626
6910,17.963642195195586
6911,11.276796797395813
6912,4.990445745788943
6913,9.819598273467228
6914,1.887511421671463
6915,9.86177015915621
6916,5.7417300453629405
6917,0.0
6918,9.629348354175729
6919,10.604366880907207
6920,1.8999768066948084
6921,2.3531136925888303
6922,26.08860492912187
6923,23.114918170035786
6924,6.627069812937281
6925,0.0
6926,19.525697259839326
6927,11.96881504471516
6928,0.0
6929,2.5064473676538634
6930,9.896823991581826
6931,19.709588295564846
6932,0.9714344823139403
6933,4.999947456542366
6934,0.0
6935,3.3235955581945884
6936,9.654639720111826
6937,6.814048836791672
6938,7.7191481668854465
6939,8.104455873767277
6940,12.60643295695606
6941,6.556959142119992
6942,3.114925244243829
6943,9.723071631595472
6944,14.195343284399858
6945,0.0
6946,4.793354388120439
6947,11.82437055985607
6948,8.459927150572955
6949,14.498518457271661
6950,13.086090737324536
6951,21.153531042888332
6952,4.384085242640139
6953,2.476643591500295
6954,8.359335914803541
6955,10.283032274123537
6956,9.229806249417436
6957,9.5678704709121
6958,7.1775346021642825
6959,4.982596945043026
6960,2.2359719005365815
6961,0.0
6962,0.5262155366885661
6963,2.13394049099709
6964,16.164515963427103
6965,0.0
6966,9.050505078923225
6967,3.3494929413826986
6968,13.822893666041988
6969,5.774934715141148
6970,4.289324143904174
6971,11.16070533151174
6972,20.364954302807128
6973,9.447532758397557
6974,11.723630612936
6975,3.514814254270296
6976,14.15327813969352
6977,14.925441261633269
6978,4.475320757515972
6979,8.402017117503712
6980,13.254386747784041
6981,36.48435709395783
6982,19.263436181825703
6983,10.2252255461054
6984,10.489664995779293
6985,13.026815299767021
6986,19.00978657972761
6987,14.480128549990157
6988,5.4628216574790684
6989,1.9799825477852737
6990,9.131487927326555
6991,2.4004772308097273
6992,9.221210337454403
6993,14.604994738444987
6994,13.06829229729032
6995,1.736120943877694
6996,3.044142444493972
6997,19.284176091621433
6998,0.0
6999,9.400214119780408
7000,4.640096731234175
7001,3.7356979404517405
7002,0.0
7003,8.527504633448698
7004,7.891975329846762
7005,5.032903148202864
7006,19.986153047770046
7007,9.730775982989993
7008,5.053359033148955
7009,5.023636787855371
7010,6.7700618933546295
7011,3.3454797475254896
7012,11.85141339088115
7013,10.195799995970527
7014,11.060067115350797
7015,5.235184378924818
7016,5.152843283719514
7017,20.906594807438438
7018,4.078860213255245
7019,2.4784853548494326
7020,0.0
7021,0.0
7022,3.7286837148572065
7023,17.673389919785635
7024,14.475488727373952
7025,0.0
7026,12.662258712247795
7027,10.250130846144756
7028,0.24019471213627064
7029,12.979495387864807
7030,11.694824099530019
7031,6.3479661745550136
7032,10.018481061833869
7033,15.590231364956482
7034,0.0
7035,13.75866958322864
7036,10.595543065660893
7037,12.103200352578703
7038,3.731988000033615
7039,1.2796055328391018
7040,11.155937071744397
7041,5.848948162305108
7042,9.946413154309436
7043,18.703046773877055
7044,3.2339930323035757
7045,13.602835568357087
7046,0.0
7047,1.1545277100019131
7048,27.205133171287642
7049,20.09509578718691
7050,4.53091483246018
7051,10.404598114826507
7052,0.0
7053,19.327085242000482
7054,0.0
7055,9.094760913944828
7056,10.936119488256267
7057,17.637587369596407
7058,0.0
7059,21.13005600041184
7060,11.953321976619378
7061,1.8879550572810846
7062,7.271085598850744
7063,21.62491994130435
7064,14.667888884026395
7065,10.872463648516788
7066,0.08682028322751378
7067,12.168786487144327
7068,27.98693505116744
7069,6.3189601080593825
7070,0.0
7071,8.742359309377862
7072,11.765374794978971
7073,4.077297830373555
7074,8.13576397936931
7075,0.0
7076,19.212070585891006
7077,3.1176532708683453
7078,18.572470100459753
7079,9.027787597667327
7080,2.2309897164724486
7081,4.571121504397786
7082,5.6554408114293775
7083,17.57547019840715
7084,7.078590341876841
7085,18.83897823575966
7086,4.213623121730857
7087,7.980092697373282
7088,6.735483261800404
7089,4.170163257083192
7090,5.880573499055712
7091,10.765083220194024
7092,7.0403423224264605
7093,12.462428650570605
7094,5.225172708286769
7095,14.012422176427478
7096,14.588159799780916
7097,8.504976438972447
7098,12.78876686482143
7099,3.6086430024227596
7100,5.174632269153923
7101,6.843813758920485
7102,0.7359252774275094
7103,0.0
7104,17.933874957503257
7105,12.005393927273873
7106,13.314786778510058
7107,11.727344841859713
7108,8.754639784251887
7109,7.8903094139362455
7110,17.817616526240037
7111,0.0
7112,8.50396313791911
7113,9.4540777363106
7114,9.682341804522482
7115,0.0
7116,14.355938062895982
7117,10.46619630428799
7118,3.1947779223896724
7119,8.660321645607498
7120,5.258000535127264
7121,18.479084323144853
7122,3.7458027066864323
7123,13.175651369545427
7124,6.218200519233422
7125,33.06276536311566
7126,10.672291955416544
7127,1.5831070124560043
7128,16.68199748856938
7129,26.839095542059745
7130,9.95937100692559
7131,0.0
7132,10.086750789548525
7133,0.0
7134,6.14696364327302
7135,8.28541445376158
7136,0.444577350534475
7137,9.931715244682414
7138,8.388238118850955
7139,18.795851452846037
7140,5.928121356800083
7141,1.997544346538426
7142,5.6504895800937085
7143,6.068491034668065
7144,7.819191007351897
7145,4.788662035499501
7146,18.928973256065753
7147,21.47435744047
7148,12.571222593873088
7149,25.02321432080278
7150,0.0
7151,10.594573659476154
7152,6.285902883433428
7153,4.468480710853946
7154,5.380826395395454
7155,15.189782163636295
7156,12.90683461234951
7157,6.433015749644264
7158,6.336792765244617
7159,0.987969179891028
7160,2.365305814313907
7161,17.608670447695527
7162,7.1455316263880615
7163,14.602341148072725
7164,7.344424058327268
7165,5.226190133335855
7166,11.321768030356338
7167,6.916064685734349
7168,0.0
7169,0.0
7170,2.4829615880464626
7171,6.435102909647188
7172,0.0
7173,0.41339491295727093
7174,3.334598801474349
7175,17.212792091581008
7176,2.0046512717839535
7177,3.5021586033700265
7178,25.615322318911318
7179,11.847785156360931
7180,3.0467170100352616
7181,7.817494730823329
7182,16.209175300306903
7183,0.3426444182836281
7184,5.609957294522154
7185,6.726481127131338
7186,6.1745208425998275
7187,9.846561913714217
7188,12.738936549896628
7189,19.655762151453246
7190,3.7143504280650816
7191,2.6627739627177505
7192,3.6782059394942683
7193,0.0
7194,13.129291768840702
7195,23.04274983418375
7196,3.545339336305691
7197,15.044100057706196
7198,19.668214004406515
7199,25.15439097992762
7200,5.250196128538875
7201,10.211509625234392
7202,0.0
7203,17.27210411425312
7204,3.3854556107443283
7205,18.477042582694843
7206,6.382329371576956
7207,6.445987291253892
7208,9.676112829496128
7209,19.24842370445812
7210,3.7717663611740084
7211,3.637557454555891
7212,7.795178701114208
7213,8.115728054864174
7214,17.125726914679312
7215,9.349753870376018
7216,9.621185579417535
7217,4.851815448441011
7218,10.639026970214426
7219,0.0
7220,5.979978288312587
7221,7.180605708005952
7222,19.169812644134417
7223,0.0
7224,11.194103858384205
7225,10.197734596196042
7226,7.547333272894419
7227,3.728945847017605
7228,4.647617646783103
7229,1.6359881808515384
7230,0.0924677268427363
7231,0.0
7232,12.779919442673176
7233,17.625105589920558
7234,4.015496664343405
7235,23.176051887695053
7236,19.831932083717724
7237,21.44990819411349
7238,9.71811604363151
7239,16.886103153163702
7240,2.4230325658490406
7241,8.727830958320691
7242,8.063864407851568
7243,14.655960543245055
7244,0.0
7245,6.5258969729773995
7246,0.0
7247,0.0
7248,16.83603466577633
7249,2.0821983304462837
7250,0.4385993533749204
7251,16.23317492936341
7252,13.602496118579385
7253,23.987331455279076
7254,10.882110541292015
7255,8.397009095988071
7256,5.409761311884612
7257,11.57732822711393
7258,2.001728818744426
7259,15.625357987767657
7260,1.962113759333306
7261,5.477978572295568
7262,0.9707620425803452
7263,11.161411051152838
7264,0.0
7265,5.83715612644046
7266,5.796223180742363
7267,15.441651918875131
7268,15.513711738494097
7269,2.0237463260715236
7270,13.011703790979606
7271,5.62144648428872
7272,3.935011464723339
7273,4.5712552367834505
7274,0.0
7275,3.960519826608234
7276,5.071855650830747
7277,33.81829570210884
7278,2.229189738106774
7279,6.965254507508893
7280,7.358101573053656
7281,6.227226479181619
7282,17.400514408802593
7283,9.743846139752165
7284,2.7661159385409517
7285,8.494645618148015
7286,6.03241043361355
7287,6.626646819161984
7288,6.694868266495687
7289,0.0
7290,9.309067596297751
7291,7.438782895185385
7292,1.7492427608443029
7293,0.0
7294,0.0
7295,5.750492166452461
7296,6.91341242249955
7297,16.05864539953108
7298,4.82541210107281
7299,21.113128518303512
7300,13.654955137246557
7301,15.534351672888969
7302,28.38757305429399
7303,9.218950777648631
7304,11.508808771100124
7305,7.549092721939903
7306,12.622604747144148
7307,6.107498451272151
7308,8.820228567771613
7309,1.0679686329206683
7310,3.409761293108586
7311,2.5831419895412733
7312,0.0
7313,0.0
7314,15.442136372272326
7315,11.15515882865964
7316,8.944870846494629
7317,2.673530494889077
7318,14.108863366620124
7319,0.1661154201001711
7320,0.10787817168433023
7321,3.249534608369455
7322,13.041852238659347
7323,14.662505169367993
7324,12.094077474020843
7325,2.5085965141147524
7326,10.719659572116804
7327,20.078576633940298
7328,5.665489584191894
7329,12.997022216884492
7330,3.424794115541003
7331,10.694592040791933
7332,8.465377060304315
7333,12.631296063704456
7334,7.206069157994755
7335,3.662967083487618
7336,8.637446910412123
7337,4.693561132042635
7338,9.02215937166017
7339,13.756618163142937
7340,23.041967260992635
7341,5.6706132962088756
7342,3.4081729338742406
7343,2.2252680455607026
7344,2.847979941000987
7345,0.0
7346,15.816377220129041
7347,6.309085685429051
7348,12.122041004896644
7349,14.54244129195553
7350,19.046406168608897
7351,2.0099394551049876
7352,20.474365893846695
7353,16.56730584305582
7354,3.408384586790466
7355,14.535159584654917
7356,16.890447174885967
7357,18.344667791435292
7358,8.087402864696289
7359,2.853802307286994
7360,7.467855748941289
7361,1.178935453818414
7362,1.7434679558075192
7363,6.919166771369199
7364,36.542508808255164
7365,26.936618664106565
7366,2.8209159859616975
7367,9.056687941801153
7368,21.94683279510317
7369,11.096343193627655
7370,10.462302248437476
7371,19.171845822018653
7372,18.664422937066156
7373,8.268460405695976
7374,14.654385439499809
7375,11.23432001044012
7376,3.3729555394936694
7377,29.811235162719665
7378,3.8347618997356934
7379,3.3831260624823996
7380,12.93490406230768
7381,19.46949536147536
7382,10.649634820872802
7383,15.354638502369871
7384,9.797662315689934
7385,8.30753734698533
7386,7.731729851691373
7387,20.611065709165906
7388,9.20160594072609
7389,10.762269546670897
7390,10.639445296005304
7391,0.0
7392,8.007534960101552
7393,3.962651867573622
7394,19.257303548919868
7395,6.428878668878152
7396,0.7606178265411012
7397,12.49219607932909
7398,7.34190228188297
7399,6.911950027441176
7400,13.902756970042134
7401,7.732667827616537
7402,7.7385207468977875
7403,18.250687286511663
7404,4.230756785148431
7405,13.77856194450042
7406,13.077888988548976
7407,10.944634369214837
7408,11.496328323117273
7409,0.0
7410,13.723177341140548
7411,3.598861936455396
7412,9.67523785078455
7413,8.237063616948962
7414,0.0
7415,13.416456584881775
7416,4.025462396333027
7417,14.27402416061657
7418,6.933651556818868
7419,7.996773083295785
7420,2.9297261387828435
7421,0.0
7422,0.0
7423,6.278676021360198
7424,10.732302390846101
7425,1.5506801804292802
7426,6.594425723477045
7427,0.9970166515141932
7428,0.0
7429,6.729495319190004
7430,4.747357502773799
7431,0.0
7432,1.9416357562290054
7433,5.311892747858675
7434,7.442522388589568
7435,11.713985455717825
7436,7.808500147710005
7437,19.05342417992452
7438,24.32977492126536
7439,10.070533787628403
7440,7.76413466289124
7441,3.6772616692986793
7442,3.3543356291565205
7443,6.062725172354906
7444,15.060346935552358
7445,8.564485604518724
7446,0.0
7447,0.0
7448,4.50846698840677
7449,18.063591644796013
7450,1.0012627643227932
7451,23.158269799770594
7452,8.439661401424749
7453,7.270954894976357
7454,11.203665156848292
7455,12.31482196079769
7456,5.422172104813523
7457,10.920985315197033
7458,13.086488151756537
7459,16.181100110241722
7460,11.099786092999844
7461,8.201863754302531
7462,11.999799491741031
7463,2.776740459931573
7464,0.0
7465,4.507233544544045
7466,5.1117237719498725
7467,5.731944530082441
7468,9.91891802093581
7469,12.204992519827357
7470,14.122048843609763
7471,5.034244107940841
7472,4.653415603893479
7473,9.940416613947487
7474,5.274324900590295
7475,20.13549387591958
7476,0.0
7477,8.675947667610274
7478,8.62245556930393
7479,6.355049210469662
7480,11.363220811795928
7481,10.042332027699203
7482,39.29442468793329
7483,15.441686419772562
7484,8.597689046739564
7485,5.539949370699484
7486,4.4859273418073435
7487,11.30133222452557
7488,2.337467010060859
7489,14.496586000125681
7490,2.4134254055053965
7491,2.9771373413317868
7492,0.0
7493,13.707579037940992
7494,11.684879077268805
7495,4.128126616603337
7496,0.0
7497,12.786993013930395
7498,12.76556924529796
7499,17.32164557280484
7500,9.914040484023845
7501,14.098589424929912
7502,6.820254270354841
7503,4.524086687243226
7504,6.561027715199158
7505,8.238846049833278
7506,5.9001792546251615
7507,1.5339659700982464
7508,9.100695230008107
7509,9.872991661805681
7510,16.72152359835067
7511,11.364718309351552
7512,9.436889554168415
7513,0.4500631096100012
7514,9.12513997635362
7515,17.2109375477258
7516,14.950052462941063
7517,1.5024101982876692
7518,13.15103096182617
7519,9.521630310027216
7520,9.13504169280459
7521,10.153539909940598
7522,5.0694067449846445
7523,9.451050171852334
7524,27.65036992129224
7525,14.730121526502858
7526,18.838551819699923
7527,10.569103646946262
7528,4.209962497591399
7529,2.858966650410369
7530,3.8595582988801134
7531,14.231223960122321
7532,7.957508465780464
7533,2.6346810898166266
7534,16.063636560252235
7535,12.051053610994135
7536,23.426628758985714
7537,10.479913072141528
7538,6.1558216073956
7539,5.791949129453179
7540,8.852866563610764
7541,1.2456887445667304
7542,9.544571889907136
7543,21.35953777821369
7544,3.498813201449747
7545,3.347851760318555
7546,4.208864288565724
7547,8.696095382211832
7548,16.056651534917215
7549,6.170244808527263
7550,13.041798591935688
7551,2.358545569948979
7552,0.6400184549218464
7553,12.413077079336206
7554,15.836256097984576
7555,9.867758887179825
7556,0.0
7557,12.778368375235392
7558,1.2595802564314615
7559,6.312880944613214
7560,10.307128424637327
7561,0.2020838093571431
7562,7.665208684584989
7563,0.34031263637712605
7564,15.396634553878343
7565,5.128080056253957
7566,0.0
7567,3.6456560118256602
7568,4.199040554044625
7569,1.4855789287249914
7570,0.0
7571,0.0
7572,9.796509672286529
7573,14.414651137315758
7574,10.132704807664423
7575,8.10611355630453
7576,23.672556986487834
7577,7.954395142063306
7578,6.021643720481062
7579,14.124592214951306
7580,24.270027203573306
7581,8.74639429080882
7582,8.628963296565784
7583,5.847677770925758
7584,7.226920901070233
7585,8.457989596303452
7586,16.99220929293233
7587,9.621403757984057
7588,26.057733722967757
7589,7.362562498281381
7590,7.235283847722901
7591,16.5033694451224
7592,13.830658813868926
7593,0.0
7594,0.0
7595,0.0
7596,0.0
7597,6.930503998499344
7598,0.0
7599,2.1940207767417403
7600,0.9010748164284479
7601,13.246305884779028
7602,3.907068625635236
7603,14.812531336837456
7604,5.301510259633938
7605,4.701920702918649
7606,10.37517852472722
7607,3.6373459672233723
7608,15.697673644673426
7609,24.326275714502362
7610,11.77828610211543
7611,19.688387216239295
7612,8.19023239109092
7613,17.441385117087957
7614,4.092955866544664
7615,16.372140119981694
7616,6.729473899133353
7617,4.20339006147922
7618,1.2545875139704803
7619,0.0
7620,3.862546612596941
7621,4.542365703768028
7622,14.632931656298965
7623,10.395220737854453
7624,8.718182352931805
7625,13.036851743800831
7626,18.228304376392465
7627,5.06850422720474
7628,0.2557025123964536
7629,11.14238878955413
7630,11.236414091483896
7631,0.0
7632,9.604978609159065
7633,17.195085646917335
7634,6.587074518708619
7635,8.25917067839767
7636,2.2462836788483314
7637,10.609549189737399
7638,9.4351177186959
7639,6.052897478579176
7640,10.828974045601036
7641,4.388399978650559
7642,25.435133419942726
7643,1.8398577223119803
7644,13.511649780046264
7645,5.293946348271543
7646,15.049426042340809
7647,13.723570877672273
7648,0.2823274337617985
7649,9.571376808067484
7650,15.943118003191728
7651,19.865696124467142
7652,4.7656941459417475
7653,9.533230277709784
7654,7.413884201133056
7655,4.301574308119454
7656,8.106023555396995
7657,3.3905107706830515
7658,18.98151111578881
7659,16.942677290505742
7660,14.462402132384096
7661,4.545405951630173
7662,0.6387686641374524
7663,3.169867428853504
7664,8.74848788843144
7665,8.824792378768608
7666,14.901956559569571
7667,5.597355508454147
7668,4.461520367173987
7669,11.88322870717133
7670,7.427663347106941
7671,15.447091071331762
7672,14.118406445840709
7673,6.412641124116784
7674,8.158067742612003
7675,6.526858221153617
7676,6.207372134944986
7677,9.454281656114865
7678,8.285226867397569
7679,0.0
7680,1.9554250094919254
7681,2.55051928254841
7682,1.0306755720146619
7683,12.882200672510479
7684,6.379939247006741
7685,3.5937383005980523
7686,20.741829361664347
7687,9.723564779007
7688,9.861484187296538
7689,8.967356071633034
7690,13.045431468544818
7691,7.410068838008892
7692,18.225897692862517
7693,4.679290077588977
7694,9.843410536595734
7695,13.955220717852189
7696,29.720033982506816
7697,0.5547513030311517
7698,5.531405579924997
7699,1.949841478502079
7700,17.453812864065025
7701,11.911922305348268
7702,7.319583111591983
7703,0.0
7704,14.04622645698754
7705,4.53938961782242
7706,17.91679744532071
7707,3.0199117766516457
7708,17.18198194618101
7709,6.458508604321979
7710,8.975187049893908
7711,8.961246264171747
7712,7.135080315577132
7713,13.45326608684644
7714,5.030039907964939
7715,0.0
7716,6.0871003907607975
7717,11.665929232944743
7718,0.38538482878653824
7719,9.15351326185726
7720,2.300847358345063
7721,2.7661690471464233
7722,2.5457876901068603
7723,18.075356049050693
7724,0.0
7725,0.0
7726,8.601389123445975
7727,12.894364106177354
7728,7.339371772407876
7729,16.362380105780073
7730,12.97790949517503
7731,8.836518134707314
7732,3.9280121111695765
7733,0.0
7734,8.189504206154869
7735,10.057834916789417
7736,13.506424860940998
7737,18.674356766995626
7738,2.2720862551517014
7739,0.29986672469563835
7740,20.95263344954708
7741,14.439935031179743
7742,15.489436584471312
7743,0.427348641667491
7744,6.265699083081763
7745,1.850099657725476
7746,14.0725721502631
7747,11.319300213485395
7748,2.347633203851771
7749,23.697059309944752
7750,0.0
7751,14.885052705218097
7752,19.07527440896056
7753,14.322416469848
7754,1.1444592727987724
7755,3.7844792937287846
7756,8.623439416861359
7757,11.096852087841889
7758,10.720788833055696
7759,9.086342642915705
7760,11.041725128691944
7761,15.062962082568108
7762,1.0205036221124857
7763,4.023389209078072
7764,5.784464612102464
7765,10.76013819698204
7766,5.464437038920227
7767,2.910570486471409
7768,7.014634196475276
7769,11.859861307885618
7770,14.182412917688893
7771,13.219868419119434
7772,3.0429317776782403
7773,13.527053898475012
7774,3.9199578050184014
7775,8.521835385731553
7776,0.0
7777,10.870623750776904
7778,8.629972702489125
7779,6.378638810589225
7780,5.0555351507038075
7781,14.156631265389066
7782,4.135594006186962
7783,19.29836751019058
7784,11.654109542450355
7785,4.5485311629227345
7786,9.433202056386603
7787,13.233685645744323
7788,21.68076818408651
7789,18.042610016564954
7790,6.198373401629906
7791,10.52737701625257
7792,0.08428282643928675
7793,1.0978944508091635
7794,5.4762051559251335
7795,3.8789046166863255
7796,6.48233342130769
7797,0.0
7798,6.324627409788036
7799,21.530022109244044
7800,8.725608812170679
7801,6.678773389320158
7802,0.0
7803,0.0
7804,13.854255518064587
7805,0.0
7806,2.437649341476723
7807,0.0
7808,7.778807688475943
7809,11.269988809736821
7810,19.890954794224918
7811,6.026093904216582
7812,8.470708003885306
7813,15.882242173017577
7814,0.0
7815,5.657705119046177
7816,15.947294180620409
7817,7.444670696588065
7818,10.9732855465274
7819,13.000691297995761
7820,1.029914636423939
7821,20.475472960098703
7822,15.442341996308434
7823,20.70356629833541
7824,15.698103150570933
7825,7.493986989159591
7826,4.102748540907224
7827,6.274055918528505
7828,5.084506279622352
7829,6.47547139778843
7830,10.569372773154347
7831,2.3855583502885063
7832,5.169160420997402
7833,4.561579582472134
7834,6.647023312687711
7835,6.915078374631113
7836,10.952875185868475
7837,6.298107602174915
7838,3.460710542035617
7839,0.0
7840,6.338032339189212
7841,15.398500775086656
7842,13.861431271240804
7843,2.6744135899984345
7844,0.0
7845,8.923145481975336
7846,6.491836644547634
7847,7.756192077566426
7848,5.688119464630422
7849,5.476498242470258
7850,5.571525808278814
7851,15.192377993370165
7852,6.288192430780649
7853,8.692708449829622
7854,9.174566050000124
7855,4.320985433174403
7856,5.559102130123149
7857,8.424974605115226
7858,0.0
7859,14.87530805423711
7860,1.5862748386309429
7861,3.48548769028002
7862,3.752329834007054
7863,4.207588333808086
7864,18.17703990784723
7865,3.70723147188772
7866,0.0
7867,10.522587505232048
7868,8.07330231282739
7869,10.966551382778126
7870,18.412251085612432
7871,10.578345178710101
7872,15.873689299036194
7873,16.722846879871945
7874,16.08956923965161
7875,4.836521549095032
7876,5.573214194022286
7877,7.395217651387419
7878,10.586537939297738
7879,0.0
7880,1.9052972459725543
7881,26.05579257397953
7882,9.117532654927786
7883,8.86966676606388
7884,10.266354528818493
7885,2.903937491320832
7886,4.841353746601219
7887,8.568425088222687
7888,4.865226050067531
7889,14.629184774067777
7890,10.457377809898544
7891,11.495206104659275
7892,3.931778544021987
7893,15.260367580519082
7894,3.5681148574129873
7895,21.30310448274679
7896,12.266602360427925
7897,2.8176433217077737
7898,0.8702002396114628
7899,3.9208099747963807
7900,19.135649237750258
7901,12.76657412277709
7902,10.28540606921522
7903,16.60449222554424
7904,17.07569332453791
7905,0.3614570880223642
7906,6.612102932041267
7907,3.701589727394725
7908,3.363169130995459
7909,11.527827103988763
7910,5.256881920286732
7911,7.443741032930328
7912,19.63423374114629
7913,13.500608985712606
7914,8.013740752949712
7915,21.56720784110005
7916,11.185264132207447
7917,5.8830282335278925
7918,21.575864654369866
7919,0.0
7920,10.83670535009247
7921,0.9600481781965549
7922,4.640751663848693
7923,9.973811606732706
7924,10.734439240421983
7925,11.204598378948075
7926,16.10395228814206
7927,13.491278456194237
7928,5.35497014839754
7929,5.74584404905041
7930,0.0
7931,8.611666731927325
7932,3.86837108830312
7933,6.009200419640018
7934,7.345133771826777
7935,2.165414057117842
7936,2.7049364100632873
7937,13.824312620646445
7938,7.582718370508023
7939,20.235224865084092
7940,12.636649562959812
7941,16.755649534985885
7942,16.731122690520003
7943,9.809940398453119
7944,6.193323301982125
7945,0.0
7946,9.157244248317594
7947,5.331617144148565
7948,5.5348682712680635
7949,3.0056451828979593
7950,7.577864739434499
7951,21.984537215392724
7952,8.117365551808188
7953,10.815665223480593
7954,8.740490120585303
7955,12.28773403650461
7956,15.958385977469348
7957,14.56543439040086
7958,16.588128788079047
7959,25.080505897988175
7960,0.0
7961,3.7390756012533704
7962,26.089213800726995
7963,2.2252311228147477
7964,1.7590520200814321
7965,1.633025672648504
7966,15.623714687660673
7967,0.0
7968,11.63386106595546
7969,8.58615866880181
7970,17.85279698240017
7971,0.5159441522980472
7972,7.931591139532291
7973,14.150639455995005
7974,21.40500235219976
7975,0.20827035523633164
7976,0.0
7977,1.4342626784869
7978,8.016535049348105
7979,12.108786214263217
7980,6.599149478790018
7981,3.812606535129637
7982,9.46339663040825
7983,0.0
7984,4.83956543960354
7985,19.70443171363231
7986,4.195148585427532
7987,5.595348562809038
7988,16.336197730794982
7989,6.44667870933926
7990,11.178465944097477
7991,8.371404486831103
7992,3.813171134412964
7993,16.879754005187703
7994,1.2628346042094156
7995,2.6354206642503533
7996,10.928526412600508
7997,0.0
7998,3.026735662262399
7999,7.476363302029125
8000,23.26777388043729
8001,2.3281865378552675
8002,5.695066799163188
8003,3.946619219606907
8004,8.813725544900944
8005,5.265175255502172
8006,10.981878553303218
8007,11.387620860595394
8008,5.370479487638013
8009,6.559819787781526
8010,4.592743337339554
8011,5.628465872973358
8012,0.0
8013,11.877543333651847
8014,9.682197232680293
8015,0.720445804001387
8016,22.35083392817888
8017,28.946479719395295
8018,11.081635089655602
8019,13.328451246731468
8020,14.687940258022866
8021,0.0
8022,6.985592278750413
8023,9.308831795942453
8024,2.7443136201750935
8025,2.015349441249751
8026,3.4919604362615564
8027,9.944614016550537
8028,3.121821342178067
8029,11.784466170207374
8030,12.711441716154606
8031,13.044205593046259
8032,0.45703751284870364
8033,4.989465789382944
8034,15.769295909424251
8035,10.84770211047942
8036,9.757997528281104
8037,3.5705727615215963
8038,6.745081769585436
8039,22.041112296724883
8040,13.265799973851014
8041,32.798849670635235
8042,0.0
8043,0.1903515710170911
8044,11.095287913576481
8045,15.945199946438514
8046,12.87528816418362
8047,4.3585198412255775
8048,17.663215453338985
8049,4.889666249293043
8050,13.313894921853414
8051,16.346360085861313
8052,14.71721181075425
8053,0.0
8054,7.183881344444968
8055,9.80495711881439
8056,13.737733049677754
8057,4.838342062618652
8058,17.535412588957925
8059,1.449632566083868
8060,0.0
8061,0.0
8062,5.427484887074205
8063,4.833505664196355
8064,5.906141241439159
8065,25.072582041252165
8066,13.999545408765325
8067,16.673480719196412
8068,6.930817871062528
8069,6.0990369597175675
8070,11.80266800713995
8071,5.432634240921451
8072,1.2039004750711673
8073,23.906984753032976
8074,19.510254087811727
8075,11.193610852886936
8076,5.778960534666476
8077,0.0
8078,14.51771787994922
8079,10.408892904882459
8080,5.237488873226617
8081,13.001522844422954
8082,4.6404584706756085
8083,4.234618134755036
8084,15.411725789398227
8085,22.789896858964063
8086,4.8669232226591905
8087,10.5341651264559
8088,17.263306736750785
8089,3.297456122539181
8090,12.89135365503631
8091,2.9667434262402113
8092,12.31536709000627
8093,5.547096880691619
8094,4.358610362456559
8095,15.756871435326723
8096,12.929921858070154
8097,9.390236963031263
8098,11.626762302659701
8099,14.84183633043784
8100,6.86378744509084
8101,2.659407281785925
8102,6.956251192482336
8103,6.1648842860574184
8104,14.22657628673096
8105,0.0
8106,9.396704688239799
8107,3.75948110983371
8108,0.0
8109,3.7679684549149
8110,4.065129732854349
8111,15.241527617666232
8112,0.0
8113,17.3691092160648
8114,8.437451802243395
8115,9.996167701825419
8116,9.340813683474769
8117,0.0
8118,3.799785863387421
8119,7.696026446241404
8120,26.069310123665208
8121,7.690671749472816
8122,7.850561992670546
8123,2.119831198173281
8124,14.686420856393742
8125,5.539599657019302
8126,6.606405161596078
8127,25.962062526361212
8128,5.407085551234516
8129,1.7962973968021307
8130,16.454245425725027
8131,0.0
8132,21.017000137137906
8133,4.1746548411481355
8134,0.0
8135,5.482990519298225
8136,40.77008906139655
8137,22.552640117358393
8138,4.382129082130887
8139,1.4664805162689243
8140,1.165976724303416
8141,0.0
8142,3.403967428744706
8143,4.06309801266172
8144,4.471576290705273
8145,23.739357151731753
8146,12.462168326322068
8147,11.164705088072909
8148,5.753593901677769
8149,9.78834713118758
8150,15.596766550833157
8151,0.0
8152,19.485330536964604
8153,8.067342566672192
8154,6.54772486331013
8155,34.3194658299939
8156,8.929582277848144
8157,12.499545722739173
8158,11.726524746547947
8159,1.2866052870641873
8160,16.87076991215253
8161,7.532569135361669
8162,9.481416551021121
8163,5.203149641573116
8164,4.269678954599892
8165,0.0
8166,9.525962140728133
8167,20.63779298470942
8168,13.582250934694972
8169,7.910821969138297
8170,5.226246482470271
8171,16.29331519368877
8172,0.0
8173,8.6353016918371
8174,4.797651402610564
8175,9.997708937353854
8176,17.531066841168496
8177,10.791184050605686
8178,22.262976853278676
8179,7.422523103586692
8180,7.063606657520588
8181,3.5087855315072938
8182,11.196096091416663
8183,17.405513910973625
8184,8.922661753617573
8185,9.807921609052007
8186,26.20211098409449
8187,8.67337633352974
8188,17.09956316804785
8189,6.799039287953017
8190,0.0
8191,35.56836894007236
8192,5.868284983815782
8193,13.705723456535868
8194,6.126265646716149
8195,14.173027024746956
8196,4.74646145300299
8197,8.2745178716626
8198,1.8714120717224363
8199,11.34597333896943
8200,9.903396967679615
8201,4.31282330612359
8202,10.130037158806845
8203,1.089445631668153
8204,11.817427735560074
8205,6.625399312209321
8206,8.511039501604278
8207,6.392459490893916
8208,0.9297662501289992
8209,0.0
8210,5.202279071098118
8211,16.7688184184286
8212,10.672502368657177
8213,18.625032953173815
8214,19.390815656280864
8215,12.321386189043139
8216,10.176297726394537
8217,5.436887440916882
8218,7.4671973195274886
8219,13.482209921933297
8220,15.897321939845508
8221,11.622394251086243
8222,7.94225086585523
8223,6.406510183850945
8224,1.0920430477052907
8225,3.5599623419383226
8226,4.7749117277483215
8227,15.617833851456574
8228,17.012849107875006
8229,15.837375338030313
8230,7.367738808888466
8231,6.512362281483579
8232,19.634517346861088
8233,11.805159324908542
8234,17.742723465255537
8235,10.795321070590287
8236,10.475143961653533
8237,0.0
8238,20.755642735822445
8239,16.777378723907166
8240,5.461848245846227
8241,4.778099397225951
8242,9.21774045591248
8243,10.908908756166241
8244,14.329915953082587
8245,2.3162468944789323
8246,10.153686889811834
8247,1.651836732304031
8248,24.066261211537146
8249,5.6195927941215285
8250,12.541360376552188
8251,5.3122465887492085
8252,0.0
8253,7.278626531685263
8254,15.656991731582439
8255,7.957643712148137
8256,11.574787434069375
8257,10.714833684435673
8258,9.54732467425314
8259,19.362474688548104
8260,16.93562328654503
8261,17.78124073033764
8262,26.406534748858114
8263,14.80747204842162
8264,8.078889340062284
8265,6.225733622673679
8266,7.612267045314811
8267,12.290117243319276
8268,2.140113115803241
8269,6.579643538696889
8270,3.8401083237685727
8271,14.534855121786402
8272,16.745751032834313
8273,18.010466104877985
8274,4.985346482032103
8275,0.0
8276,5.57350414922826
8277,7.106330346855155
8278,2.8556309172625074
8279,10.671369602613614
8280,2.0878283053510573
8281,3.9323435945915524
8282,7.666374172319887
8283,6.296195944247499
8284,7.47564655744853
8285,15.30676329525336
8286,18.112848086781035
8287,8.788146172207938
8288,33.18863038813638
8289,0.0
8290,9.633888525540057
8291,9.022166855106747
8292,3.4857835367103283
8293,7.094787161355842
8294,9.210563062676655
8295,8.74761494415861
8296,12.959579733920089
8297,7.78437180581525
8298,7.448609112293314
8299,1.7980928733484687
8300,3.4759025895957762
8301,6.576876658081309
8302,2.645144286844115
8303,12.282921781377867
8304,13.20055335181467
8305,2.904757829754188
8306,8.50369631728412
8307,0.537818232920646
8308,4.8919655055202504
8309,13.689426275504585
8310,6.800895398301782
8311,5.5994293733802945
8312,2.134884667825495
8313,16.162752934140347
8314,27.060829596295005
8315,3.7891842105212747
8316,11.379360716535507
8317,6.770240084499097
8318,0.4658240350571674
8319,6.558492124351263
8320,6.063905590108918
8321,7.606211786125904
8322,13.473201266890717
8323,3.642358056241876
8324,9.287555527040803
8325,14.735534952827104
8326,12.660775806524152
8327,11.95403533510557
8328,7.482542525445154
8329,2.3969519363786924
8330,0.0
8331,3.2498275335935753
8332,5.646604093554368
8333,8.561186011193133
8334,7.743289819564344
8335,9.045680103230673
8336,14.35010429202254
8337,2.2900701676594855
8338,1.107847810702193
8339,2.764833143342778
8340,17.066065342089562
8341,18.47667666196627
8342,6.893883842259761
8343,5.945015819574435
8344,8.035575472947748
8345,13.865140113886367
8346,2.629768146938801
8347,16.014189979321465
8348,6.861952545275345
8349,3.9228612531171603
8350,9.637572158497969
8351,10.943721730105082
8352,3.0379888544147216
8353,7.417649043112677
8354,5.133800338426457
8355,0.7351579524443048
8356,8.758199700280109
8357,6.374568513621869
8358,0.0
8359,5.437753274699456
8360,2.6741019788620237
8361,6.464040931311539
8362,9.180443078581987
8363,20.92437619612658
8364,11.031194027727356
8365,25.049083291887744
8366,0.0
8367,8.67268014280912
8368,6.222169472204103
8369,13.54064401850007
8370,16.01326521155177
8371,4.19407201973348
8372,8.803174332613557
8373,0.0
8374,3.800721169332925
8375,10.865932838815182
8376,16.009994801934052
8377,18.81707757244928
8378,12.235377519476375
8379,2.713239167889811
8380,1.0514103049236239
8381,11.578571474296051
8382,0.027617681239235026
8383,5.130095363891515
8384,11.135398166621155
8385,7.584596021462521
8386,17.664120144598023
8387,14.666692156423988
8388,1.6746254109872911
8389,3.8601388396858605
8390,3.1461736220862893
8391,19.094345257396284
8392,18.401234677545656
8393,5.418394080807205
8394,2.4135667579422373
8395,0.6713067501055017
8396,2.814300575766582
8397,11.902076291069955
8398,12.074858144603835
8399,7.592670462171835
8400,10.614447220540562
8401,3.905322925401964
8402,10.115107936561115
8403,0.0
8404,6.035562679962853
8405,8.283972609090885
8406,8.376017833885316
8407,1.4779711546322583
8408,3.5228264932996085
8409,19.90182958939017
8410,16.360419250374576
8411,7.3401451845935295
8412,3.1180344679257184
8413,1.1841580534855245
8414,15.238365508615708
8415,20.164613808828992
8416,6.710353272383849
8417,25.227762301282297
8418,6.667291905911965
8419,15.512604078850496
8420,1.2287387169864736
8421,7.515678130125749
8422,1.0347212148351987
8423,12.127892157652182
8424,14.382159092567406
8425,9.151262753641792
8426,8.36281619647773
8427,7.113618975990278
8428,0.0
8429,3.7858358800833196
8430,11.711267995481096
8431,11.845954365262337
8432,2.205324952334596
8433,0.7046814142186157
8434,7.236942972239471
8435,8.742772132946108
8436,9.834670295267257
8437,33.72878413143077
8438,0.5671839264832474
8439,4.853214185583753
8440,1.8302488949642077
8441,3.156500524587199
8442,1.5623502946746184
8443,12.792923152840086
8444,17.709513965197864
8445,0.45591237501719384
8446,4.051734175272116
8447,0.04615583446626026
8448,8.554619006161342
8449,12.239146461212307
8450,27.668430773593204
8451,3.113534791537657
8452,16.448968872763878
8453,2.264453386642429
8454,3.185779315738837
8455,3.2270990067271548
8456,5.9129921348085634
8457,18.789178591524347
8458,9.972559379649878
8459,15.779459471404913
8460,5.435341028128239
8461,4.967870682862468
8462,18.725690151247058
8463,0.0
8464,1.555147873425197
8465,1.2708588890966483
8466,0.7112053212091611
8467,11.72751716251801
8468,11.039732392124426
8469,6.425236250475992
8470,2.204602147643312
8471,0.0
8472,12.378725185708223
8473,7.763999228242854
8474,13.228775975855035
8475,6.421999029648539
8476,5.976237079672914
8477,13.08265481027818
8478,8.136939063830933
8479,12.354839001645093
8480,6.084543791664794
8481,5.26671118469526
8482,6.235140495956936
8483,3.2917365277662762
8484,5.085423725992994
8485,21.376120738600022
8486,0.9315141389424904
8487,6.442900212852599
8488,6.39430364432953
8489,6.732246872009085
8490,6.135039535697018
8491,4.611673091528459
8492,28.439778591514944
8493,10.571242439637123
8494,13.92578900987071
8495,13.911497813015448
8496,9.95368088755454
8497,15.651490356740137
8498,7.5495972381243845
8499,0.0
8500,6.970907068664444
8501,7.395860193264168
8502,24.181712651988136
8503,10.800726092515006
8504,8.560686704998332
8505,12.563103223989472
8506,19.48707263612232
8507,23.601962747103443
8508,8.800053909228057
8509,6.713120366823013
8510,10.73487002456309
8511,20.933654108254224
8512,12.26169014451308
8513,13.615361382259731
8514,7.77447655965538
8515,0.0
8516,25.046437791051634
8517,7.179626078941478
8518,5.305264168821204
8519,4.2965920233410495
8520,5.936533164180782
8521,7.077059409771726
8522,23.500488883925655
8523,15.904709853115156
8524,0.27843909295379277
8525,7.3400948992420085
8526,2.630455202435633
8527,5.368579437731597
8528,3.688949722629732
8529,1.017477198611525
8530,4.060795294782563
8531,11.819971289074164
8532,5.5437822994859385
8533,15.63827225469914
8534,18.17473313142751
8535,29.73622297427133
8536,12.409069967525081
8537,0.0
8538,6.146616529472311
8539,8.400796792133272
8540,6.050848965458398
8541,9.459134537617137
8542,9.00807095673375
8543,15.589928802780335
8544,13.930759122136886
8545,5.340874694077297
8546,5.117408892862492
8547,0.8038842668144728
8548,11.913435497223212
8549,19.18262507385635
8550,0.0
8551,3.6499999671991104
8552,12.849150548072107
8553,7.233003208271738
8554,13.858610951211354
8555,0.35291911466991976
8556,5.442994074542666
8557,13.933122423647381
8558,0.0
8559,14.170733387182619
8560,9.232928209111277
8561,5.450563330660026
8562,0.6757646121794485
8563,1.2344454511831158
8564,0.0
8565,3.1433797548800637
8566,5.269020845655331
8567,4.4934791991303715
8568,4.814631916679529
8569,5.81630883904221
8570,32.82114860814896
8571,8.22702569396095
8572,11.16075918879115
8573,10.521929285509918
8574,9.486829415718317
8575,11.32273699338336
8576,9.228726053958358
8577,5.29504827823752
8578,15.963034513350374
8579,13.57797794790033
8580,3.855584546060185
8581,10.890135533923083
8582,11.536818284670515
8583,22.440341470097465
8584,2.6209416160191807
8585,18.679665854079254
8586,10.799507041233575
8587,7.396225466966998
8588,9.18156536598828
8589,3.399358850283469
8590,0.43895410716150884
8591,8.769194512607946
8592,2.2553330754321
8593,10.462983761883583
8594,22.222929588684295
8595,4.1660394778257395
8596,3.828461024079588
8597,0.721522069949299
8598,0.0
8599,6.182461130182956
8600,10.737428354556865
8601,6.138870145506486
8602,15.963255921869818
8603,7.637670850863106
8604,0.0
8605,9.399689510735769
8606,2.1579344563391167
8607,26.359756513237688
8608,3.9531837117423203
8609,4.462502993495411
8610,0.0
8611,0.0
8612,4.464147077034362
8613,8.41824839119783
8614,30.46088070314182
8615,5.26478126987597
8616,6.217400819595346
8617,1.458960377817709
8618,1.8258598227705694
8619,9.167934810707665
8620,3.5725516795724097
8621,7.129543270280777
8622,2.2886124607955303
8623,5.748762874623283
8624,14.34928815101022
8625,2.7460210238978107
8626,12.024115961525373
8627,0.0
8628,3.0011940395824217
8629,5.450404254324862
8630,11.38411687699932
8631,5.600731081832105
8632,17.203376350252753
8633,11.999128402423946
8634,1.4084332618125979
8635,0.0
8636,4.734725997095564
8637,3.0592097441247823
8638,11.699277103246603
8639,15.789522528419383
8640,2.422802362468598
8641,3.275849540564634
8642,9.781705397702776
8643,12.036809302566969
8644,9.47452416605912
8645,22.612806581499427
8646,12.715202392834673
8647,5.551889797896321
8648,10.073303960262256
8649,13.75941423237866
8650,22.660242866419534
8651,1.1415473291505425
8652,4.34974391826332
8653,3.223811040969334
8654,9.62502061149755
8655,3.941157137777383
8656,7.157524439175105
8657,11.49344452660206
8658,5.584016482991107
8659,0.0
8660,5.790088229676419
8661,5.112745883226955
8662,2.097877922509821
8663,3.0688224300483276
8664,9.815715106875809
8665,2.1892923177109465
8666,4.724942998755423
8667,8.414059773483729
8668,10.893923648379385
8669,11.475811211546546
8670,6.864118584945897
8671,8.20699055272109
8672,30.178975973825338
8673,15.829090070583984
8674,24.86953093774352
8675,1.2177663562139331
8676,4.011077399224655
8677,11.733633947671722
8678,9.764671157509552
8679,9.282191481698083
8680,11.172394901192288
8681,2.233645949795779
8682,0.0
8683,2.884875373048378
8684,6.801205681473196
8685,8.772854580523479
8686,15.659276822453885
8687,4.634671518124055
8688,19.145524087699762
8689,3.9796193154871995
8690,5.463417194178371
8691,23.83529478904356
8692,6.615709441108626
8693,5.759224428458621
8694,4.108919826944538
8695,13.282148052348798
8696,21.14604185323276
8697,2.035486119271206
8698,3.214140212426785
8699,7.7931840741332294
8700,3.0445974695340814
8701,0.0
8702,2.266650187511532
8703,9.740396144073978
8704,9.297437848913601
8705,12.158596817422488
8706,12.32030740395198
8707,4.111008968401458
8708,11.45448299818218
8709,13.63853799888819
8710,1.7249031166837634
8711,14.282003086688734
8712,6.78800485667789
8713,8.74344751981178
8714,1.8582207822896786
8715,6.8316035990028965
8716,10.254207313482361
8717,0.0
8718,11.330293456143977
8719,6.511722760687265
8720,24.62586634595957
8721,12.440235932239803
8722,1.9626086036463901
8723,5.0914253990718406
8724,12.102888212758511
8725,11.456464426573454
8726,3.3397327468690934
8727,13.26446146756033
8728,4.707617013090974
8729,20.23680437081549
8730,15.473086383859242
8731,13.319014129270307
8732,7.649885101801403
8733,0.0
8734,16.01380866013404
8735,2.1815401379924255
8736,6.386490945501455
8737,19.338234720426165
8738,13.260838466567401
8739,2.10362927493306
8740,9.534900525628561
8741,1.6170667442523134
8742,0.02697570316078668
8743,15.535645642356945
8744,25.800060298066064
8745,1.2065675911194447
8746,6.2109247776662
8747,10.522376962948135
8748,6.5214119521576475
8749,16.302892329640706
8750,7.292351819679293
8751,21.111618082312717
8752,2.973701886011095
8753,5.747898617640468
8754,1.61797210390107
8755,10.84909104536472
8756,11.104030765172485
8757,6.451580635032493
8758,8.450236349490833
8759,0.0
8760,0.5365151991346746
8761,8.797573049573478
8762,0.0
8763,9.936997106533461
8764,1.6006160313139004
8765,13.053003232638686
8766,15.898135781805625
8767,2.1284186780599166
8768,14.391935804752531
8769,28.573311291019287
8770,0.0
8771,0.0
8772,7.463183007462515
8773,22.128319606371534
8774,0.0
8775,9.753724884095256
8776,13.963349649484918
8777,21.54895060523316
8778,16.03890171895277
8779,18.166687496134365
8780,3.3223931952860237
8781,9.683838319954386
8782,1.258701092752755
8783,21.654380491829457
8784,1.8705623674704164
8785,2.1400178538597183
8786,13.999167922248514
8787,6.168848629163648
8788,9.451325683124594
8789,21.657152016534056
8790,0.0
8791,5.066525072012239
8792,21.177335338697137
8793,9.965220058614156
8794,8.539826288686495
8795,4.790703104909237
8796,1.969857327005891
8797,4.404097409055077
8798,0.0
8799,0.0
8800,15.790231719707574
8801,6.9699455269832065
8802,1.0666107288625923
8803,5.046887222419786
8804,16.481092646863857
8805,9.844464153118382
8806,3.5532031454722235
8807,10.974690777624009
8808,17.90602426197911
8809,5.730240678543968
8810,10.435495386266808
8811,11.69382180196643
8812,9.880146624304846
8813,2.234974292208868
8814,6.499613337901506
8815,14.709708208836815
8816,0.0
8817,6.124122428884248
8818,13.149890796083913
8819,13.445421922412844
8820,10.484830424242787
8821,4.996889092626384
8822,7.93079549508466
8823,6.607841994826396
8824,4.924329482407004
8825,5.5465622397360015
8826,12.200134057577372
8827,6.4739530404057595
8828,11.431928182307308
8829,9.361331233715186
8830,3.167324731006553
8831,9.529442736678751
8832,13.756997803137306
8833,7.841395871557888
8834,12.030414736580674
8835,10.26331656177836
8836,3.4705973450663805
8837,6.587192242031596
8838,13.546052592664132
8839,12.812439329291056
8840,2.6110687115829245
8841,14.217915132894438
8842,10.70549619063545
8843,5.530213453165325
8844,25.867912444619467
8845,8.784315344854756
8846,7.351848492776742
8847,0.0
8848,21.781007734905934
8849,0.16283812889047766
8850,2.5076615821967527
8851,4.33097019403241
8852,20.74538720887049
8853,5.048225518308061
8854,19.093027252657784
8855,7.631699822053607
8856,8.825016633963756
8857,12.589211473289065
8858,11.563488096113755
8859,0.0
8860,14.489875917633368
8861,1.5206508559208842
8862,8.063645424731003
8863,8.930467431946715
8864,8.136479527833062
8865,6.900943635102275
8866,13.077748186531004
8867,1.4207703371806248
8868,10.955917197793198
8869,2.2806780545524523
8870,12.394071379933393
8871,3.096210233851447
8872,7.589445556808888
8873,2.1700708998861495
8874,1.517494275915607
8875,3.748576297281919
8876,5.312331581806561
8877,4.1166677072907545
8878,5.189038998506325
8879,13.892750561137607
8880,4.243373771858956
8881,2.3021708231951417
8882,22.814190220377824
8883,9.594388536401011
8884,0.0
8885,12.694134760315656
8886,9.753183936710661
8887,1.1305693959694532
8888,14.723609292933089
8889,0.9717956920706197
8890,0.0
8891,12.518671346682614
8892,2.1264059880172725
8893,9.831799200063042
8894,4.285427199032822
8895,5.465705536837513
8896,15.885316965863698
8897,6.963465631207093
8898,0.0
8899,8.36111003384324
8900,4.706783995677184
8901,11.474851173979838
8902,9.413550971196107
8903,18.006488852041254
8904,11.034647828646568
8905,7.461363289069275
8906,23.36168810967657
8907,10.73712106303557
8908,7.286893509566626
8909,9.798513984551601
8910,16.29206661668334
8911,21.623300720309246
8912,4.1158758460390565
8913,0.0
8914,7.060797935682513
8915,7.253180241016751
8916,5.413473134936995
8917,3.9920605674910776
8918,7.752163744136377
8919,10.657038995179235
8920,22.810841473942993
8921,0.0
8922,17.61459044621393
8923,1.97532748564094
8924,19.516130212193517
8925,7.930561149407447
8926,12.204586322237095
8927,1.7146973887221133
8928,4.874452339834718
8929,10.395806192420054
8930,8.0561166426299
8931,5.459137162079552
8932,12.222395251656213
8933,0.0
8934,15.68202889824753
8935,1.3461491706514899
8936,9.173519080907681
8937,3.9600576899610624
8938,2.222236109827689
8939,17.318143269889273
8940,31.433530816391425
8941,15.588368992802565
8942,18.61840444566656
8943,3.1383792486387874
8944,1.8817811052134452
8945,5.3405656292384425
8946,7.559677336503999
8947,11.61794130641349
8948,9.48316198006471
8949,11.795139960714517
8950,8.8326638375908
8951,7.839007606944273
8952,1.6967768269282244
8953,7.25614390113938
8954,0.0
8955,7.513366148061701
8956,9.209165589080426
8957,3.4089533661889906
8958,14.548135303038201
8959,5.082636617857892
8960,20.36281795786298
8961,27.449233515173162
8962,8.279692627689922
8963,6.938149523227428
8964,9.698790358731628
8965,12.323847143988367
8966,1.243377209794132
8967,0.0
8968,5.055123494623952
8969,2.903689277436312
8970,11.697936146602558
8971,14.785892046251389
8972,5.015943974684351
8973,4.209904312578799
8974,2.7886026095591063
8975,11.067163302134706
8976,2.971146497203666
8977,7.452639468814846
8978,0.5829409049812657
8979,26.92816918266586
8980,0.0
8981,2.303157930710218
8982,2.988233273305969
8983,21.1539198378157
8984,10.52227857458803
8985,2.6079228854340286
8986,1.2923571790806863
8987,7.728696347102756
8988,8.111755975660211
8989,4.371345441013607
8990,31.316339285503837
8991,8.962747174648612
8992,11.687837118762003
8993,4.343328714213555
8994,6.369369849583568
8995,11.650679009223175
8996,20.799395716119605
8997,9.232472608113838
8998,4.425286413845823
8999,0.19112780771061466
9000,12.715650578660771
9001,3.231122323162565
9002,7.312970491462589
9003,3.057124162575697
9004,8.146031682695645
9005,0.0
9006,14.459741604009347
9007,1.449209762081944
9008,19.069280426196684
9009,14.101565902793169
9010,18.961717922906573
9011,21.790133206446832
9012,7.240275350546249
9013,3.188230024240351
9014,6.707415310559835
9015,7.164026163838176
9016,0.6109837311168711
9017,2.592323064838914
9018,3.1333124868598183
9019,8.467155816286443
9020,16.389513235509636
9021,4.516274833384001
9022,14.655376177505481
9023,13.235535082710264
9024,0.0
9025,7.1807210131064485
9026,2.381030430020795
9027,11.015418936052326
9028,0.0
9029,8.194047530001793
9030,8.300320869806242
9031,15.464356949455777
9032,11.551009552767148
9033,12.789700154952076
9034,0.8332550151239024
9035,6.227379408037175
9036,7.477671841323398
9037,6.916060197799488
9038,0.0
9039,3.309982987359593
9040,9.060572932136699
9041,31.393983304517693
9042,15.57330678233414
9043,21.740680396117206
9044,4.948872129948095
9045,10.772594783401725
9046,9.583291762472472
9047,6.349702379817428
9048,0.0
9049,1.800741150001227
9050,7.631919736505075
9051,5.187439556378971
9052,7.148430580798878
9053,3.199664248828131
9054,24.35193615676783
9055,20.5285392328065
9056,1.3761480759229618
9057,4.169482348297456
9058,3.5208778985616975
9059,6.935490802286742
9060,20.734846686979722
9061,15.815161334380523
9062,7.075606059413541
9063,10.31846583922218
9064,1.3325025548368385
9065,12.66939409746791
9066,10.97395011302241
9067,9.067844305338543
9068,2.824248616435601
9069,1.2419516029793094
9070,9.423567064534184
9071,3.0815805772426046
9072,12.551113078313406
9073,0.0
9074,14.126713475253226
9075,2.173753121285298
9076,4.370203728930982
9077,2.1132928773620145
9078,14.863069740840238
9079,1.411083881948099
9080,7.9672243210417415
9081,6.0671991856846805
9082,24.777313241863613
9083,8.731841735477076
9084,7.683552803148949
9085,1.9403224350409056
9086,16.247974831742564
9087,3.9617891067838737
9088,13.550272493404382
9089,9.202862579461126
9090,16.192417429581965
9091,5.197221610276674
9092,7.004086063662624
9093,9.512078327688327
9094,5.126824029792498
9095,12.022507503397602
9096,10.798745591208586
9097,11.165067287360626
9098,5.108280257705551
9099,11.465036112415332
9100,11.997130570797328
9101,11.045537501280982
9102,5.786060357922061
9103,7.991591731649958
9104,17.686391553350646
9105,6.572668625736566
9106,17.721115563694365
9107,7.9234537581289795
9108,13.9672582140986
9109,20.603997719642727
9110,9.65770084648149
9111,10.28331531680634
9112,17.414730038883743
9113,9.20892548990939
9114,12.049693984549112
9115,7.649203822526545
9116,13.846098334787257
9117,6.024401281865012
9118,8.073932594951017
9119,1.7805986749986822
9120,3.5402180761740327
9121,25.056247361638054
9122,21.838408885834866
9123,1.9285479658186855
9124,0.10821982261072449
9125,1.2014104347730985
9126,14.035888224536317
9127,8.357681350519602
9128,10.10735694389842
9129,7.255508412515237
9130,5.682767831740594
9131,8.180486603545281
9132,8.238186214395517
9133,7.167499318528217
9134,5.284790325844116
9135,0.8744255542290258
9136,11.980800214509435
9137,2.998898373507477
9138,21.44647854596623
9139,5.784211110396328
9140,9.639584165155208
9141,8.532699597907122
9142,12.514310135467863
9143,4.341812802300358
9144,0.8417486800783331
9145,13.587442440130523
9146,8.88899926502742
9147,5.073163641586212
9148,1.677813732772628
9149,9.195848174029829
9150,0.6693606906901097
9151,12.976132651127962
9152,6.381092963220337
9153,1.7569157981795378
9154,0.0
9155,12.53802772809827
9156,15.932023334858732
9157,4.663894830671383
9158,9.626804211915495
9159,5.131070634364173
9160,6.923909461858608
9161,12.259247706345242
9162,10.94350019834095
9163,0.0
9164,3.1661938888527574
9165,7.971377405379518
9166,0.0
9167,11.830332881207626
9168,6.905726847287185
9169,0.0
9170,13.941463954176859
9171,14.917897995577867
9172,5.4373380356990415
9173,1.848478608342659
9174,4.879215318016978
9175,18.25460229995995
9176,12.398332620534656
9177,0.7485398490214497
9178,6.6017973920919655
9179,9.009645589850951
9180,0.0
9181,0.0
9182,14.906138337894378
9183,15.274243438852263
9184,9.971900295103918
9185,6.599447200400784
9186,3.8915578129041055
9187,11.71460221904599
9188,3.9043331609017446
9189,4.451277983102637
9190,23.658646308154886
9191,8.561347712698266
9192,1.928431385539299
9193,6.558141880947405
9194,9.966856481535102
9195,15.071896455809568
9196,6.638189289176889
9197,4.817705094987357
9198,10.157393307768908
9199,5.497473450310858
9200,0.0
9201,12.350049527178236
9202,21.042655642772495
9203,16.318812801478856
9204,8.808721495607985
9205,0.6886979938863691
9206,12.37659204895903
9207,13.907198504597405
9208,25.681972831731333
9209,1.3912485059678499
9210,20.61777611629681
9211,7.913255401368806
9212,7.665736833012282
9213,2.074800900204445
9214,8.61809170092745
9215,7.489673506640532
9216,5.181180213290918
9217,19.921767689786705
9218,2.3050250960522183
9219,2.244660447367462
9220,24.881641086415595
9221,10.45071430000918
9222,3.4411494343255855
9223,8.3086016900553
9224,13.434561361814431
9225,13.462984680317785
9226,1.9171464264744111
9227,28.040985763895492
9228,7.1796271919451335
9229,1.3026450060017405
9230,9.173898090455856
9231,0.0
9232,5.9652683316622355
9233,8.58408381511312
9234,0.47763153472689446
9235,14.113924469778956
9236,10.554833893604131
9237,10.737406570253142
9238,0.0
9239,0.0
9240,12.476832537262519
9241,3.3590914674620134
9242,20.626442061746936
9243,4.835794280516055
9244,1.3588467086997085
9245,13.21701448662689
9246,6.077475535278117
9247,6.229869120460894
9248,20.573214117515228
9249,2.1413252248923094
9250,8.10946125186303
9251,7.8351906523708585
9252,5.302472526890787
9253,12.284284106163197
9254,8.097224617605878
9255,21.234897045362224
9256,0.0
9257,15.198806424953563
9258,5.867463651899598
9259,14.910286684101063
9260,4.557005995073432
9261,7.43636640024312
9262,16.167980042580005
9263,0.6842748081612688
9264,2.0507178866804443
9265,19.30498166792789
9266,7.15043372040429
9267,0.0
9268,29.409297026087945
9269,13.625961810546343
9270,2.4398132552199554
9271,3.0985519004722777
9272,9.309767953230402
9273,6.2336603531795
9274,8.99652801543004
9275,9.477879529216143
9276,1.0272825739663034
9277,2.233478021772087
9278,7.20166533860225
9279,2.7077487399635904
9280,12.078443596062618
9281,3.95097803280398
9282,15.04901308262783
9283,2.861578451014503
9284,2.8183859830139983
9285,20.379268738496464
9286,8.104769200338335
9287,4.01936151651461
9288,12.69100836494735
9289,19.84906753541135
9290,16.077392756334344
9291,1.9096621351500689
9292,4.379671470823927
9293,9.561022831239658
9294,3.958489621463719
9295,6.847459067155464
9296,11.994981945727524
9297,2.482409408291847
9298,9.684115211951953
9299,10.64668157747692
9300,18.64085574192178
9301,19.298364676191053
9302,3.4242544577093703
9303,20.57689533024407
9304,16.54727489114594
9305,4.9454333993799935
9306,1.7232510221393413
9307,2.7772453548114084
9308,7.0523592009236165
9309,1.1852460089247954
9310,8.387705475496052
9311,9.22378497869816
9312,13.205022456619057
9313,14.734906040109216
9314,5.981231277201247
9315,12.101447442375887
9316,17.643232728856756
9317,5.386881690876424
9318,0.0
9319,14.202946525589734
9320,17.809571544746838
9321,4.261958171963778
9322,0.0
9323,32.337478780041465
9324,3.3920059881145423
9325,5.577424291312247
9326,0.0
9327,1.3004761396400957
9328,0.0
9329,12.43739081450094
9330,0.0
9331,13.393731004406536
9332,7.901012460095082
9333,3.46761220467726
9334,21.746000103994326
9335,11.543556071613814
9336,29.760247327037842
9337,9.407109758699995
9338,0.0
9339,2.7112320070695093
9340,10.295560208910976
9341,0.0
9342,6.684766490055985
9343,2.9145500880943196
9344,3.104352490656522
9345,7.446059484307024
9346,3.650142210092543
9347,0.0
9348,4.2813594203987675
9349,7.810824294895001
9350,7.602332817999016
9351,13.22844538383106
9352,13.36726034084048
9353,9.095863290209678
9354,10.169599200731707
9355,12.821111421615385
9356,9.420951131423944
9357,17.816887964135077
9358,0.0
9359,4.222875109816296
9360,0.1304442041499545
9361,9.119321925606425
9362,6.784141256402672
9363,35.58260107960946
9364,9.697146161315924
9365,5.869438841076088
9366,18.164917935787855
9367,0.0
9368,13.213150693232748
9369,8.494308697293402
9370,16.253905253446824
9371,12.991312834630644
9372,0.981366623385032
9373,0.0
9374,5.177262440754601
9375,7.384398457719469
9376,8.406254496591217
9377,9.870388981949013
9378,20.487717819142947
9379,13.533695200435385
9380,8.180935522651982
9381,4.611345283979897
9382,6.563493703319311
9383,1.6287128532206827
9384,20.322893325927815
9385,7.244477852360754
9386,5.885430643226957
9387,5.951959067895881
9388,16.856588577503878
9389,12.470988296989972
9390,3.9024480282045566
9391,3.006403474422515
9392,5.108796954806534
9393,2.070539807141718
9394,4.549304865192558
9395,3.334213069371394
9396,15.872304733559792
9397,21.292562875000137
9398,1.6548306122001746
9399,26.156433526904994
9400,11.50238871841026
9401,3.7023159405221175
9402,18.818856456401257
9403,16.940254306307146
9404,13.207609277651365
9405,0.027738474015054138
9406,2.9864767453825865
9407,13.033277726289102
9408,9.660900563919334
9409,14.477205023206384
9410,14.8269126457748
9411,18.343398075640415
9412,5.010419848051463
9413,1.038263173080174
9414,16.364285030565952
9415,4.619618427169494
9416,23.215359769699912
9417,3.825802023613667
9418,18.152928363180237
9419,14.14331794412026
9420,49.53799742391091
9421,20.2373453440745
9422,5.477331310510804
9423,10.59338981012665
9424,0.0
9425,1.2083269313578988
9426,9.547968041089115
9427,21.698257248902614
9428,18.81867550764511
9429,6.851783139028837
9430,12.444257445927306
9431,11.27390932426602
9432,6.224010501798943
9433,11.775383104929608
9434,4.068504103397283
9435,2.9952191334827933
9436,19.484865312880174
9437,9.211539003938125
9438,13.384062824735839
9439,21.44043481526218
9440,9.37462933447875
9441,4.246225106877986
9442,8.816584551219611
9443,13.991110221502915
9444,0.0
9445,6.523637621994152
9446,0.0
9447,5.5322572477010965
9448,4.624772347202909
9449,11.950597145329688
9450,5.092174997370811
9451,6.816497408354277
9452,37.886256417219535
9453,3.2022791662993804
9454,17.7929428599165
9455,12.966551751635077
9456,1.4495475771944184
9457,12.778669121244992
9458,0.0
9459,21.079856935583
9460,6.250308313278407
9461,6.690886299837487
9462,5.668444887844727
9463,13.630761922905368
9464,10.218158843089672
9465,8.718767811253764
9466,14.382682279806083
9467,11.520377849877335
9468,12.722715987932894
9469,2.1164811394607934
9470,1.7726195490260181
9471,4.046734539578799
9472,13.981384668525795
9473,2.308481963966641
9474,21.642496415898655
9475,8.04409152296439
9476,0.0
9477,18.225084101587285
9478,6.486733333629252
9479,10.731263404669527
9480,6.518738308989759
9481,14.449057903469813
9482,3.6890292203242474
9483,2.086737158867063
9484,4.505456242794978
9485,10.93912433384601
9486,11.321983655452698
9487,0.0
9488,0.0
9489,8.371401769928804
9490,3.5853509323903365
9491,11.189035498409202
9492,11.327438937826338
9493,8.240621614099224
9494,5.701003599941737
9495,13.7112699083334
9496,2.1823694686149064
9497,8.59891769392869
9498,0.0
9499,1.3704682030444442
9500,0.582248545088083
9501,6.91401742965383
9502,4.996189746971294
9503,11.272992340894161
9504,12.433641241648761
9505,8.414434173273454
9506,13.747391275039007
9507,0.5408788116421537
9508,19.087785443083177
9509,28.554637051128754
9510,0.0
9511,5.447997820033061
9512,10.779698475434818
9513,4.692328959334585
9514,4.424799560961252
9515,17.14964139336822
9516,11.852330875952518
9517,2.7486828367937646
9518,6.171186652992194
9519,4.983905207760458
9520,0.0
9521,3.082720484275324
9522,8.654726387377302
9523,2.371054737988489
9524,8.161204495375378
9525,4.349665982726008
9526,12.23209002990431
9527,4.340882022173298
9528,11.331157709595661
9529,8.947548033335124
9530,1.3802596982654505
9531,10.91967746937296
9532,5.806854136460199
9533,8.39236779905192
9534,2.1443946184437364
9535,7.481491657798291
9536,10.742103066250078
9537,14.423888064066915
9538,3.1531371106770427
9539,17.124295059540422
9540,3.9700444104849337
9541,11.066785407875916
9542,17.056946008638697
9543,5.236706166766897
9544,17.77005152377389
9545,12.55376906364569
9546,3.000670268410797
9547,4.36279647815266
9548,0.0
9549,10.665477952387283
9550,7.528236094754417
9551,2.264203229479139
9552,0.502347966523434
9553,21.14322866741132
9554,1.7540438778500054
9555,16.904138062185346
9556,2.62810350277776
9557,1.515660661175085
9558,6.548655988456569
9559,23.627466818806514
9560,0.0
9561,8.66354369013542
9562,20.166582360708418
9563,5.124270078971996
9564,5.845197200004973
9565,10.928973222051003
9566,17.46948215821076
9567,0.8268205987867754
9568,12.42281971276168
9569,6.314082741969161
9570,8.060562620161011
9571,4.832304803639513
9572,0.0
9573,10.5775827470276
9574,8.128709144015371
9575,7.139364552620316
9576,6.618822696221702
9577,8.662211841617959
9578,11.334804486293828
9579,17.64638515076428
9580,10.627509231524034
9581,0.0
9582,0.0
9583,22.62425524561
9584,6.4505327646961526
9585,8.914178886164414
9586,8.786772336691723
9587,6.861725165206975
9588,16.15496860534538
9589,6.492419577065533
9590,1.1387824715515587
9591,3.0549174713463536
9592,7.227207155936727
9593,4.518614747261303
9594,5.290561009279973
9595,14.76850212303732
9596,6.83339941923539
9597,8.337647189184459
9598,12.61143978450773
9599,7.176444496028454
9600,15.111570667245285
9601,11.304882387086648
9602,0.0
9603,8.887075622068956
9604,12.73462099474667
9605,17.892025371910037
9606,1.4666963298642939
9607,18.721871235586363
9608,3.4510974290238234
9609,7.909612223444161
9610,3.503886424348191
9611,10.917142766035187
9612,19.947668313111116
9613,13.37554927800523
9614,1.059274129183164
9615,15.99587658757158
9616,2.4827090001356513
9617,4.795940967150826
9618,4.2645618326714825
9619,12.435104345460687
9620,1.7237709498798148
9621,25.334857020981058
9622,0.0
9623,11.789901001929858
9624,7.408456802231861
9625,0.8040179154494895
9626,9.994368086378682
9627,13.6073691507797
9628,6.043461195689082
9629,8.719175242611128
9630,0.0
9631,2.7939234599033576
9632,13.393705118986492
9633,3.8969610508871613
9634,17.20658068919372
9635,14.67189684861353
9636,3.4135812025104375
9637,0.0
9638,18.906651738366964
9639,13.135427149818614
9640,10.197591329195966
9641,4.974123798735566
9642,11.83155663187255
9643,3.5466696850566013
9644,10.500465286105975
9645,21.303621687970235
9646,7.479953086740205
9647,23.989042626855237
9648,6.598328440035107
9649,2.9758700797391207
9650,5.676104945608214
9651,8.154537133854141
9652,1.6829244301420792
9653,7.034458802825139
9654,15.803115919245396
9655,0.0
9656,6.123048448450436
9657,26.666764602743115
9658,5.311279657334214
9659,9.983144918199418
9660,13.44085579631692
9661,2.199085069511699
9662,6.9767919904044255
9663,0.7684375147637734
9664,8.423373103495946
9665,0.0
9666,9.299296595564863
9667,4.572183243040689
9668,1.9143858632185795
9669,9.299558323191523
9670,1.8072462195535541
9671,14.943022447972243
9672,12.254954085818346
9673,0.0
9674,10.347454467493476
9675,15.061496712660158
9676,0.0
9677,7.782273723770114
9678,13.28808809296114
9679,6.437815470474526
9680,9.559412045586651
9681,9.464630526033037
9682,14.91036442836209
9683,9.437960443112733
9684,0.0
9685,0.0
9686,16.808655020294005
9687,17.826127067572976
9688,14.316953548645337
9689,7.052839811877173
9690,11.680747299908006
9691,18.826185640074506
9692,0.9826731903818908
9693,2.3915643444789154
9694,14.69371236745359
9695,6.9014321182762846
9696,8.487666413742968
9697,0.3908859332491712
9698,3.7737749410064216
9699,8.915618317950628
9700,5.075731255610887
9701,2.459975622719363
9702,17.282448044364784
9703,8.740655507135388
9704,14.931127682414665
9705,6.217239663434389
9706,12.480734274577117
9707,7.844067996271525
9708,0.0
9709,6.815931037413286
9710,13.705423481175151
9711,13.407489528928732
9712,16.56064616183058
9713,10.074294537025287
9714,5.438443435805969
9715,12.551181689755053
9716,11.27385269183984
9717,15.954564599570968
9718,2.510608604249274
9719,3.7188397069483736
9720,3.8380434917667037
9721,3.664138931170303
9722,13.915294959710865
9723,20.62308439976094
9724,13.68523680509125
9725,7.272079226120986
9726,7.77139476551881
9727,5.241992618287162
9728,15.747316935578061
9729,11.328034450357514
9730,2.3920987522501918
9731,2.738269071111014
9732,12.820413115278637
9733,8.200351381400624
9734,0.0
9735,0.0
9736,7.133124535212071
9737,7.507666936963986
9738,11.186888575489984
9739,16.1281530880089
9740,0.782209537440349
9741,10.246781069841566
9742,3.0792227310159443
9743,13.618151840668691
9744,6.482344959087655
9745,14.875786815748555
9746,12.037886881164994
9747,16.62940544872064
9748,18.696105372609303
9749,12.136546478639755
9750,1.3775438818250665
9751,7.001310528727071
9752,14.514489954109912
9753,7.084712070412566
9754,3.293810301522118
9755,13.074034343145144
9756,4.64734914583042
9757,18.52723688863812
9758,27.13407608494363
9759,14.70416642274142
9760,11.771845608935656
9761,15.000466306570372
9762,19.535480041841126
9763,12.311688724002899
9764,9.255130168096676
9765,9.865613562949122
9766,5.962045777714052
9767,7.122123284789376
9768,9.282109517872355
9769,6.015887196581929
9770,9.234689539769118
9771,9.894998866178412
9772,1.2681585032095777
9773,0.0
9774,4.609530900470316
9775,4.877750454510116
9776,3.496687748539741
9777,4.145983380695557
9778,3.0294468091340523
9779,9.494478675250923
9780,16.670608212704927
9781,13.661303926657423
9782,17.207664287255916
